datetime,open,high,low,close,volume,timestamp,gmtoffset
2021-06-14,613.59,614.95,601.2,605.77,381740.0,1623628800,0
2021-06-15,609.38,613.15,596.11,600.05,398520.0,1623715200,0
2021-06-16,599.2,601.88,587.59,599.6,414390.0,1623801600,0
2021-06-17,596.8,616.66,595.82,613.33,600080.0,1623888000,0
2021-06-18,609.78,617.11,599.34,601.64,993980.0,1623974400,0
2021-06-21,604.94,615.18,597.84,611.54,549410.0,1624233600,0
2021-06-22,611.51,611.81,598.11,604.71,618240.0,1624320000,0
2021-06-23,602.39,608.61,596.0,605.82,574900.0,1624406400,0
2021-06-24,609.64,627.44,608.0,617.39,837700.0,1624492800,0
2021-06-25,623.0,625.65,607.32,614.98,2120000.0,1624579200,0
2021-06-28,618.45,629.35,614.43,621.52,574920.0,1624838400,0
2021-06-29,623.0,624.55,611.57,612.8,427490.0,1624924800,0
2021-06-30,608.73,616.08,603.54,611.0,508800.0,1625011200,0
2021-07-01,609.31,619.04,607.59,618.96,658900.0,1625097600,0
2021-07-02,624.81,625.36,615.36,624.17,372770.0,1625184000,0
2021-07-06,624.04,626.96,592.13,604.67,847020.0,1625529600,0
2021-07-07,609.01,617.27,604.01,612.22,370800.0,1625616000,0
2021-07-08,604.93,620.53,598.02,616.79,410770.0,1625702400,0
2021-07-09,621.92,638.48,613.71,627.19,610110.0,1625788800,0
2021-07-12,631.7,644.89,623.75,642.86,573890.0,1626048000,0
2021-07-13,642.86,647.83,636.45,642.4,400470.0,1626134400,0
2021-07-14,647.5,653.86,631.73,635.09,488180.0,1626220800,0
2021-07-15,633.89,638.27,609.36,621.7,701060.0,1626307200,0
2021-07-16,623.39,628.35,613.52,616.12,472710.0,1626393600,0
2021-07-19,609.37,609.37,591.56,595.56,679790.0,1626652800,0
2021-07-20,596.04,620.37,589.24,615.71,663940.0,1626739200,0
2021-07-21,615.53,621.47,603.5,619.65,627270.0,1626825600,0
2021-07-22,623.39,628.99,615.92,627.92,358830.0,1626912000,0
2021-07-23,624.9,640.41,624.9,638.28,412240.0,1626998400,0
2021-07-26,636.01,636.62,623.56,635.58,577960.0,1627257600,0
2021-07-27,632.74,638.2,617.67,625.51,489800.0,1627344000,0
2021-07-28,624.14,630.0,616.58,621.87,548230.0,1627430400,0
2021-07-29,634.36,682.59,634.0,676.98,1580000.0,1627516800,0
2021-07-30,675.6,697.87,673.0,695.8,967560.0,1627603200,0
2021-08-02,700.0,713.7,695.6,700.0,871750.0,1627862400,0
2021-08-03,700.42,706.07,687.55,701.34,706980.0,1627948800,0
2021-08-04,698.9,712.98,698.58,708.01,520650.0,1628035200,0
2021-08-05,711.0,714.15,694.12,699.22,553260.0,1628121600,0
2021-08-06,696.74,700.79,684.0,693.67,656810.0,1628208000,0
2021-08-09,693.5,695.0,684.9,686.56,331030.0,1628467200,0
2021-08-10,689.57,691.81,674.19,687.38,513650.0,1628553600,0
2021-08-11,690.23,692.12,676.24,687.78,416800.0,1628640000,0
2021-08-12,687.72,705.84,683.59,704.27,480270.0,1628726400,0
2021-08-13,700.86,704.85,685.69,691.19,398020.0,1628812800,0
2021-08-16,684.2,690.84,681.19,690.75,310600.0,1629072000,0
2021-08-17,690.78,690.78,669.31,680.89,610340.0,1629158400,0
2021-08-18,680.82,690.96,672.73,675.26,475030.0,1629244800,0
2021-08-19,671.03,685.53,669.64,679.86,359120.0,1629331200,0
2021-08-20,681.4,684.26,672.81,681.57,292940.0,1629417600,0
2021-08-23,687.38,699.53,686.86,697.5,417800.0,1629676800,0
2021-08-24,696.34,715.74,696.34,712.84,602500.0,1629763200,0
2021-08-25,713.25,721.45,711.72,716.9,526470.0,1629849600,0
2021-08-26,714.65,717.75,692.9,696.56,540590.0,1629936000,0
2021-08-27,699.32,709.15,696.0,701.85,384480.0,1630022400,0
2021-08-30,706.42,712.8,698.68,702.11,351100.0,1630281600,0
2021-08-31,702.01,710.67,700.28,709.0,497720.0,1630368000,0
2021-09-01,713.14,719.83,708.79,718.72,431070.0,1630454400,0
2021-09-02,721.59,731.72,719.0,729.03,384330.0,1630540800,0
2021-09-03,729.87,729.87,711.98,721.5,356640.0,1630627200,0
2021-09-07,719.8,720.51,706.0,716.21,439360.0,1630972800,0
2021-09-08,716.98,733.33,715.12,729.92,503910.0,1631059200,0
2021-09-09,734.46,735.17,723.78,726.41,422770.0,1631145600,0
2021-09-10,730.22,731.24,718.75,720.67,344380.0,1631232000,0
2021-09-13,726.54,726.54,695.63,710.68,502850.0,1631491200,0
2021-09-14,718.36,724.64,703.6,706.45,441120.0,1631577600,0
2021-09-15,706.06,713.85,692.23,710.31,844000.0,1631664000,0
2021-09-16,712.98,731.2,710.35,728.29,656930.0,1631750400,0
2021-09-17,728.9,730.61,715.0,719.38,834240.0,1631836800,0
2021-09-20,708.02,713.68,698.03,709.64,684130.0,1632096000,0
2021-09-21,717.14,721.0,704.61,709.15,646870.0,1632182400,0
2021-09-22,713.31,725.27,701.21,716.61,447940.0,1632268800,0
2021-09-23,723.0,737.45,720.18,727.11,349710.0,1632355200,0
2021-09-24,718.47,726.29,715.29,725.24,272050.0,1632441600,0
2021-09-27,716.59,720.07,693.39,701.04,473430.0,1632700800,0
2021-09-28,692.07,692.73,672.65,677.32,496100.0,1632787200,0
2021-09-29,679.4,683.12,671.44,673.06,356680.0,1632873600,0
2021-09-30,684.62,684.62,665.41,665.43,433590.0,1632960000,0
2021-10-01,672.0,674.95,648.2,662.06,566580.0,1633046400,0
2021-10-04,658.6,659.38,637.56,640.4,520800.0,1633305600,0
2021-10-05,643.81,657.16,642.19,648.58,496510.0,1633392000,0
2021-10-06,640.6,651.35,638.59,650.65,369850.0,1633478400,0
2021-10-07,653.62,671.9,653.62,661.41,488400.0,1633564800,0
2021-10-08,663.97,664.45,641.82,643.56,258330.0,1633651200,0
2021-10-11,638.0,644.28,631.14,631.85,252320.0,1633910400,0
2021-10-12,632.0,632.38,621.87,627.43,505700.0,1633996800,0
2021-10-13,608.61,608.61,572.51,596.22,2040000.0,1634083200,0
2021-10-14,600.99,604.0,586.19,597.72,904180.0,1634169600,0
2021-10-15,605.25,606.95,587.06,589.61,742500.0,1634256000,0
2021-10-18,586.45,596.99,580.11,595.13,560660.0,1634515200,0
2021-10-19,601.39,603.68,592.66,594.27,393020.0,1634601600,0
2021-10-20,597.06,608.73,592.52,608.2,532770.0,1634688000,0
2021-10-21,611.19,618.01,597.6,599.49,781000.0,1634774400,0
2021-10-22,599.0,600.15,586.9,590.56,877420.0,1634860800,0
2021-10-25,590.0,597.0,583.65,589.81,1110000.0,1635120000,0
2021-10-26,594.66,603.34,586.8,593.3,793930.0,1635206400,0
2021-10-27,591.28,615.25,583.38,604.39,1580000.0,1635292800,0
2021-10-28,658.39,662.0,607.28,631.8,1930000.0,1635379200,0
2021-10-29,629.18,629.18,619.7,624.37,987170.0,1635465600,0
2021-11-01,631.5,667.1,631.5,661.46,1250000.0,1635724800,0
2021-11-02,663.0,678.72,649.19,667.06,606910.0,1635811200,0
2021-11-03,667.06,675.75,657.87,673.61,425960.0,1635897600,0
2021-11-04,673.46,680.79,670.87,679.26,355350.0,1635984000,0
2021-11-05,680.4,687.27,675.43,687.19,383170.0,1636070400,0
2021-11-08,690.47,711.61,682.88,710.87,876940.0,1636329600,0
2021-11-09,711.18,713.33,699.48,711.02,779500.0,1636416000,0
2021-11-10,702.17,709.98,687.1,689.61,645350.0,1636502400,0
2021-11-11,696.99,697.89,681.66,685.91,340030.0,1636588800,0
2021-11-12,688.99,693.34,686.31,687.8,250210.0,1636675200,0
2021-11-15,692.06,692.06,674.51,680.19,325180.0,1636934400,0
2021-11-16,682.42,691.95,679.0,689.06,329530.0,1637020800,0
2021-11-17,689.06,698.81,680.34,692.32,348890.0,1637107200,0
2021-11-18,692.54,695.94,677.96,683.83,322220.0,1637193600,0
2021-11-19,685.55,691.96,679.18,683.29,433580.0,1637280000,0
2021-11-22,678.34,682.98,665.36,669.68,463300.0,1637539200,0
2021-11-23,665.97,666.47,650.4,657.26,419780.0,1637625600,0
2021-11-24,653.16,657.74,642.55,653.2,528010.0,1637712000,0
2021-11-26,653.2,654.15,627.0,634.22,444530.0,1637884800,0
2021-11-29,636.86,642.14,629.54,634.47,537250.0,1638144000,0
2021-11-30,632.61,638.94,607.47,611.53,972840.0,1638230400,0
2021-12-01,622.92,624.0,601.73,602.29,486030.0,1638316800,0
2021-12-02,602.8,628.73,595.07,624.93,732930.0,1638403200,0
2021-12-03,629.36,632.57,605.49,619.75,536130.0,1638489600,0
2021-12-06,622.0,641.28,615.0,638.92,470800.0,1638748800,0
2021-12-07,649.16,675.21,648.66,666.72,581510.0,1638835200,0
2021-12-08,670.27,676.94,663.67,675.22,303750.0,1638921600,0
2021-12-09,670.0,688.6,670.0,673.59,355080.0,1639008000,0
2021-12-10,672.56,683.83,660.59,668.12,394370.0,1639094400,0
2021-12-13,665.72,666.49,628.77,629.91,527780.0,1639353600,0
2021-12-14,620.2,631.82,598.92,605.73,668830.0,1639440000,0
2021-12-15,605.73,610.2,591.06,602.01,1130000.0,1639526400,0
2021-12-16,610.01,611.32,592.41,595.06,830160.0,1639612800,0
2021-12-17,592.47,619.0,586.91,609.06,1010000.0,1639699200,0
2021-12-20,597.83,599.95,581.29,593.94,544030.0,1639958400,0
2021-12-21,601.48,630.84,599.87,628.72,550790.0,1640044800,0
2021-12-22,623.2,646.59,616.87,645.89,377800.0,1640131200,0
2021-12-23,648.28,663.61,647.21,653.98,387390.0,1640217600,0
2021-12-27,656.72,663.62,651.79,661.07,257350.0,1640563200,0
2021-12-28,667.47,668.82,652.33,656.37,269080.0,1640649600,0
2021-12-29,649.92,660.0,649.92,653.34,231790.0,1640736000,0
2021-12-30,658.57,671.01,656.44,662.22,261220.0,1640822400,0
2021-12-31,659.47,674.89,655.62,657.18,464250.0,1640908800,0
2022-01-03,656.3,658.5,641.12,648.05,428190.0,1641168000,0
2022-01-04,645.86,652.19,617.37,623.5,552090.0,1641254400,0
2022-01-05,616.95,621.04,578.25,578.84,980140.0,1641340800,0
2022-01-06,575.48,587.49,563.59,567.62,1150000.0,1641427200,0
2022-01-07,567.13,567.13,545.86,546.99,1190000.0,1641513600,0
2022-01-10,533.02,549.56,524.34,548.91,1390000.0,1641772800,0
2022-01-11,547.45,561.56,535.32,559.64,1050000.0,1641859200,0
2022-01-12,562.24,562.26,534.52,539.47,841160.0,1641945600,0
2022-01-13,542.67,547.97,523.01,524.78,913980.0,1642032000,0
2022-01-14,519.93,529.41,510.83,524.63,809490.0,1642118400,0
2022-01-18,509.25,511.99,487.49,489.56,1390000.0,1642464000,0
2022-01-19,491.79,506.99,486.11,497.59,1350000.0,1642550400,0
2022-01-20,502.27,518.41,489.8,490.71,710520.0,1642636800,0
2022-01-21,486.49,488.67,462.32,462.78,1060000.0,1642723200,0
2022-01-24,453.74,475.32,432.09,474.43,1090000.0,1642982400,0
2022-01-25,464.05,477.79,458.07,467.99,1080000.0,1643068800,0
2022-01-26,475.0,491.48,451.62,457.36,876860.0,1643155200,0
2022-01-27,467.7,476.76,451.62,455.62,848650.0,1643241600,0
2022-01-28,454.72,467.49,442.37,463.96,1040000.0,1643328000,0
2022-01-31,479.22,498.68,478.0,494.96,1350000.0,1643587200,0
2022-02-01,494.18,510.45,494.18,508.56,898540.0,1643673600,0
2022-02-02,511.24,521.84,498.0,505.62,1590000.0,1643760000,0
2022-02-03,480.36,518.0,479.47,503.31,1890000.0,1643846400,0
2022-02-04,496.89,497.36,474.27,489.86,1470000.0,1643932800,0
2022-02-07,490.0,509.4,489.08,500.22,864460.0,1644192000,0
2022-02-08,496.15,516.72,491.0,515.49,913700.0,1644278400,0
2022-02-09,522.31,548.99,522.31,545.94,1250000.0,1644364800,0
2022-02-10,525.99,552.0,524.19,532.36,1060000.0,1644451200,0
2022-02-11,528.38,534.47,505.5,509.1,1160000.0,1644537600,0
2022-02-14,510.53,514.55,500.18,505.67,550910.0,1644796800,0
2022-02-15,515.0,528.95,513.38,528.24,674970.0,1644883200,0
2022-02-16,526.17,529.49,514.23,526.38,534930.0,1644969600,0
2022-02-17,521.01,523.71,501.06,501.76,619350.0,1645056000,0
2022-02-18,504.03,510.64,494.74,498.65,645810.0,1645142400,0
2022-02-22,492.56,510.86,490.01,494.11,698380.0,1645488000,0
2022-02-23,496.33,501.51,481.25,482.66,631780.0,1645574400,0
2022-02-24,468.58,511.5,464.01,509.15,986310.0,1645660800,0
2022-02-25,506.21,512.88,497.22,512.56,460430.0,1645747200,0
2022-02-28,503.94,513.12,499.31,511.46,592640.0,1646006400,0
2022-03-01,508.73,509.83,490.93,500.97,614880.0,1646092800,0
2022-03-02,505.17,505.2,481.82,496.14,581360.0,1646179200,0
2022-03-03,501.22,502.24,475.37,477.45,655910.0,1646265600,0
2022-03-04,474.78,475.15,452.98,464.48,755750.0,1646352000,0
2022-03-07,464.0,468.8,434.64,435.57,1080000.0,1646611200,0
2022-03-08,430.0,433.0,411.8,415.01,1150000.0,1646697600,0
2022-03-09,433.22,444.84,426.31,442.05,694360.0,1646784000,0
2022-03-10,428.27,434.81,417.0,430.09,532710.0,1646870400,0
2022-03-11,438.16,438.16,400.0,400.67,957110.0,1646956800,0
2022-03-14,403.21,403.21,372.62,378.09,2020000.0,1647216000,0
2022-03-15,381.09,392.63,375.0,390.73,1710000.0,1647302400,0
2022-03-16,402.34,421.01,400.01,420.65,1070000.0,1647388800,0
2022-03-17,417.66,427.35,414.01,425.48,626200.0,1647475200,0
2022-03-18,426.01,444.23,421.07,442.87,1070000.0,1647561600,0
2022-03-21,436.43,446.79,423.92,432.47,664070.0,1647820800,0
2022-03-22,434.81,461.79,434.81,457.03,919160.0,1647907200,0
2022-03-23,451.22,452.73,435.77,437.06,622560.0,1647993600,0
2022-03-24,438.85,438.85,422.2,436.26,794240.0,1648080000,0
2022-03-25,439.05,439.99,418.67,430.44,678950.0,1648166400,0
2022-03-28,435.08,438.31,426.59,434.0,546700.0,1648425600,0
2022-03-29,442.57,458.25,441.42,452.94,821890.0,1648512000,0
2022-03-30,449.65,450.32,437.97,442.17,494070.0,1648598400,0
2022-03-31,444.96,451.61,435.78,436.0,696330.0,1648684800,0
2022-04-01,439.42,448.13,438.95,446.41,693200.0,1648771200,0
2022-04-04,445.43,451.18,439.22,445.39,537420.0,1649030400,0
2022-04-05,446.87,446.87,434.58,436.8,614240.0,1649116800,0
2022-04-06,429.66,429.66,412.68,421.74,708250.0,1649203200,0
2022-04-07,418.79,426.7,415.13,422.18,541650.0,1649289600,0
2022-04-08,418.98,426.63,411.42,420.56,514390.0,1649376000,0
2022-04-11,414.0,425.43,408.85,409.69,689690.0,1649635200,0
2022-04-12,414.06,430.44,401.08,406.23,570030.0,1649721600,0
2022-04-13,409.02,420.18,407.01,416.91,442510.0,1649808000,0
2022-04-14,416.0,417.87,407.37,409.82,458010.0,1649894400,0
2022-04-18,408.02,409.66,401.21,405.88,435850.0,1650240000,0
2022-04-19,403.17,426.7,403.01,424.54,711730.0,1650326400,0
2022-04-20,427.78,431.27,418.2,419.18,626300.0,1650412800,0
2022-04-21,421.74,425.03,382.31,383.63,927230.0,1650499200,0
2022-04-22,380.57,381.6,360.17,360.57,1240000.0,1650585600,0
2022-04-25,363.45,371.16,354.86,368.86,1070000.0,1650844800,0
2022-04-26,363.22,365.54,353.93,361.3,1140000.0,1650931200,0
2022-04-27,365.02,378.98,357.22,360.43,1300000.0,1651017600,0
2022-04-28,282.0,306.95,270.37,304.66,4210000.0,1651104000,0
2022-04-29,303.33,319.09,288.88,289.91,1760000.0,1651190400,0
2022-05-02,292.48,310.97,288.02,308.88,1680000.0,1651449600,0
2022-05-03,304.02,311.92,297.05,301.02,1080000.0,1651536000,0
2022-05-04,300.03,311.62,286.7,310.89,1120000.0,1651622400,0
2022-05-05,305.79,309.0,280.05,283.72,1580000.0,1651708800,0
2022-05-06,285.85,286.34,271.53,280.41,1240000.0,1651795200,0
2022-05-09,274.22,277.67,265.3,268.96,1310000.0,1652054400,0
2022-05-10,273.5,279.6,254.48,258.13,2250000.0,1652140800,0
2022-05-11,258.77,269.59,255.0,256.11,1040000.0,1652227200,0
2022-05-12,253.82,265.4,250.64,259.53,1200000.0,1652313600,0
2022-05-13,264.42,276.84,264.42,275.52,1110000.0,1652400000,0
2022-05-16,274.66,281.62,270.12,274.2,1100000.0,1652659200,0
2022-05-17,279.96,285.46,273.99,280.59,1190000.0,1652745600,0
2022-05-18,276.5,277.41,267.31,269.11,1320000.0,1652832000,0
2022-05-19,267.07,278.8,265.51,273.89,782780.0,1652918400,0
2022-05-20,280.0,282.41,267.01,275.04,922920.0,1653004800,0
2022-05-23,278.46,279.55,266.05,278.71,981720.0,1653264000,0
2022-05-24,273.17,274.21,265.01,270.18,1190000.0,1653350400,0
2022-05-25,267.15,281.48,266.69,276.57,909120.0,1653436800,0
2022-05-26,274.42,279.15,268.15,274.83,983480.0,1653523200,0
2022-05-27,276.03,284.57,275.62,284.57,953370.0,1653609600,0
2022-05-31,284.7,286.4,272.17,277.64,1680000.0,1653955200,0
2022-06-01,281.07,283.27,263.48,265.17,1110000.0,1654041600,0
2022-06-02,266.76,287.05,264.54,284.87,1130000.0,1654128000,0
2022-06-03,278.66,280.46,272.85,273.6,643250.0,1654214400,0
2022-06-06,280.87,281.5,266.61,269.01,829280.0,1654473600,0
2022-06-07,265.76,275.75,265.76,273.51,654230.0,1654560000,0
2022-06-08,275.42,277.71,272.32,273.13,750870.0,1654646400,0
2022-06-09,268.72,273.91,262.13,262.55,813610.0,1654732800,0
2022-06-10,257.4,259.34,251.63,257.05,1550000.0,1654819200,0
2022-06-13,246.89,251.97,242.67,244.01,1270000.0,1655078400,0
2022-06-14,245.03,245.63,235.55,238.08,1010000.0,1655164800,0
2022-06-15,240.99,249.53,237.12,243.78,1400000.0,1655251200,0
2022-06-16,235.59,239.22,228.35,229.82,1510000.0,1655337600,0
2022-06-17,230.96,240.32,230.84,234.47,1940000.0,1655424000,0
2022-06-21,241.14,241.99,229.97,230.31,1410000.0,1655769600,0
2022-06-22,226.48,240.8,225.86,235.09,1600000.0,1655856000,0
2022-06-23,237.98,252.57,236.62,251.12,1160000.0,1655942400,0
2022-06-24,253.08,258.93,252.51,258.75,2790000.0,1656028800,0
2022-06-27,258.76,259.79,249.1,250.17,1050000.0,1656288000,0
2022-06-28,251.51,254.76,241.43,241.92,702510.0,1656374400,0
2022-06-29,243.87,244.18,236.81,242.15,841370.0,1656460800,0
2022-06-30,240.67,243.65,232.62,236.67,835860.0,1656547200,0
2022-07-01,237.03,247.67,235.28,247.34,682030.0,1656633600,0
2022-07-05,243.5,255.27,239.18,254.11,765750.0,1656979200,0
2022-07-06,254.22,256.04,247.42,249.54,920630.0,1657065600,0
2022-07-07,251.84,260.19,250.52,259.64,681680.0,1657152000,0
2022-07-08,254.27,269.46,252.28,261.52,971840.0,1657238400,0
2022-07-11,257.97,261.54,247.86,249.48,707220.0,1657497600,0
2022-07-12,251.36,254.29,245.91,248.98,565210.0,1657584000,0
2022-07-13,242.64,254.03,238.3,249.86,568930.0,1657670400,0
2022-07-14,245.15,248.97,240.05,247.18,905720.0,1657756800,0
2022-07-15,252.02,256.09,247.27,254.88,449790.0,1657843200,0
2022-07-18,257.78,261.85,252.79,254.08,617270.0,1658102400,0
2022-07-19,259.11,269.84,256.99,267.31,690670.0,1658188800,0
2022-07-20,265.74,282.91,265.33,274.49,954260.0,1658275200,0
2022-07-21,275.47,286.46,273.09,284.24,733330.0,1658361600,0
2022-07-22,278.7,281.23,262.0,265.88,1260000.0,1658448000,0
2022-07-25,265.3,266.64,250.22,252.07,1600000.0,1658707200,0
2022-07-26,253.16,253.16,247.11,251.86,1330000.0,1658793600,0
2022-07-27,256.57,265.72,255.31,262.61,1440000.0,1658880000,0
2022-07-28,270.55,283.83,255.9,282.25,2250000.0,1658966400,0
2022-07-29,277.59,283.54,274.03,280.97,893090.0,1659052800,0
2022-08-01,278.33,289.98,276.69,282.82,918080.0,1659312000,0
2022-08-02,278.02,285.15,275.54,281.23,584180.0,1659398400,0
2022-08-03,284.0,287.99,279.0,286.21,628630.0,1659484800,0
2022-08-04,286.63,296.25,285.0,293.73,782520.0,1659571200,0
2022-08-05,286.82,294.2,283.28,293.89,708230.0,1659657600,0
2022-08-08,295.19,302.97,291.4,293.06,642270.0,1659916800,0
2022-08-09,288.35,288.35,271.95,273.64,750980.0,1660003200,0
2022-08-10,283.34,287.9,279.44,287.81,717340.0,1660089600,0
2022-08-11,291.9,297.92,286.23,287.38,391940.0,1660176000,0
2022-08-12,288.94,290.93,285.14,289.0,553780.0,1660262400,0
2022-08-15,288.68,292.87,284.52,286.19,1120000.0,1660521600,0
2022-08-16,283.35,291.91,272.3,289.04,861990.0,1660608000,0
2022-08-17,284.01,286.99,272.73,277.66,663660.0,1660694400,0
2022-08-18,277.22,282.01,273.55,281.66,554070.0,1660780800,0
2022-08-19,277.56,279.56,268.74,269.82,793610.0,1660867200,0
2022-08-22,263.14,266.82,255.08,256.05,648400.0,1661126400,0
2022-08-23,255.63,258.3,251.16,252.23,601040.0,1661212800,0
2022-08-24,252.68,262.92,251.6,261.7,703040.0,1661299200,0
2022-08-25,265.64,273.24,265.61,272.99,569640.0,1661385600,0
2022-08-26,271.96,271.96,252.12,252.45,868680.0,1661472000,0
2022-08-29,250.0,255.49,246.7,247.99,536650.0,1661731200,0
2022-08-30,250.59,254.0,242.91,246.68,545980.0,1661817600,0
2022-08-31,250.21,252.5,243.0,243.7,530480.0,1661904000,0
2022-09-01,238.96,245.97,234.01,245.74,654180.0,1661990400,0
2022-09-02,249.54,250.94,241.92,244.51,603180.0,1662076800,0
2022-09-06,244.55,244.81,234.55,238.99,652410.0,1662422400,0
2022-09-07,239.23,250.29,237.66,249.94,594710.0,1662508800,0
2022-09-08,245.37,258.25,244.03,257.3,624500.0,1662595200,0
2022-09-09,259.09,264.93,259.09,263.11,760280.0,1662681600,0
2022-09-12,264.29,272.15,264.03,267.79,509010.0,1662940800,0
2022-09-13,255.0,255.16,246.45,247.06,711400.0,1663027200,0
2022-09-14,246.89,252.12,243.41,246.74,811950.0,1663113600,0
2022-09-15,244.02,260.3,244.02,252.0,1240000.0,1663200000,0
2022-09-16,247.8,250.36,242.25,249.02,1620000.0,1663286400,0
2022-09-19,244.58,247.63,235.2,244.19,802330.0,1663545600,0
2022-09-20,239.56,240.45,231.31,232.22,849560.0,1663632000,0
2022-09-21,232.22,240.2,225.81,226.68,795470.0,1663718400,0
2022-09-22,224.14,225.66,214.68,217.95,909780.0,1663804800,0
2022-09-23,215.52,222.93,213.24,222.43,1150000.0,1663891200,0
2022-09-26,222.43,228.1,217.19,219.64,844050.0,1664150400,0
2022-09-27,223.68,225.81,212.42,214.22,968490.0,1664236800,0
2022-09-28,216.6,216.7,206.67,212.1,2320000.0,1664323200,0
2022-09-29,208.57,211.5,204.32,211.01,1080000.0,1664409600,0
2022-09-30,211.96,218.31,206.76,207.11,956550.0,1664496000,0
2022-10-03,209.14,217.32,206.0,215.64,1050000.0,1664755200,0
2022-10-04,221.67,230.27,220.83,229.91,1220000.0,1664841600,0
2022-10-05,225.81,230.45,221.45,228.81,587830.0,1664928000,0
2022-10-06,229.16,233.64,222.05,222.36,580290.0,1665014400,0
2022-10-07,217.46,220.09,210.39,211.58,779550.0,1665100800,0
2022-10-10,213.17,213.79,205.0,207.38,692570.0,1665360000,0
2022-10-11,206.77,213.1,202.01,208.45,740430.0,1665446400,0
2022-10-12,207.98,209.58,203.21,208.05,719800.0,1665532800,0
2022-10-13,200.02,214.37,197.87,212.31,872930.0,1665619200,0
2022-10-14,216.79,217.73,201.09,201.63,718580.0,1665705600,0
2022-10-17,205.61,213.49,203.26,211.44,725410.0,1665964800,0
2022-10-18,219.47,222.37,207.99,210.0,765270.0,1666051200,0
2022-10-19,207.17,210.07,203.57,204.98,530070.0,1666137600,0
2022-10-20,204.01,208.05,197.78,198.28,1080000.0,1666224000,0
2022-10-21,196.58,208.45,192.63,207.67,1180000.0,1666310400,0
2022-10-24,207.97,211.51,204.87,211.39,852040.0,1666569600,0
2022-10-25,212.39,221.72,212.39,217.98,1400000.0,1666656000,0
2022-10-26,219.17,229.56,217.98,221.64,1300000.0,1666742400,0
2022-10-27,188.89,188.89,176.0,181.53,4190000.0,1666828800,0
2022-10-28,180.23,190.45,179.25,188.62,1870000.0,1666915200,0
2022-10-31,190.0,201.56,190.0,194.3,1990000.0,1667174400,0
2022-11-01,197.55,202.42,192.53,193.06,2000000.0,1667260800,0
2022-11-02,192.44,193.27,178.91,179.08,1350000.0,1667347200,0
2022-11-03,176.39,177.34,172.05,175.83,1280000.0,1667433600,0
2022-11-04,182.54,182.61,175.93,180.93,844500.0,1667520000,0
2022-11-07,182.8,184.35,178.93,181.37,911090.0,1667779200,0
2022-11-08,181.4,185.48,175.34,180.4,1410000.0,1667865600,0
2022-11-09,179.72,179.72,174.13,174.58,1200000.0,1667952000,0
2022-11-10,186.96,196.71,186.5,196.48,1610000.0,1668038400,0
2022-11-11,197.8,221.62,195.95,218.98,1910000.0,1668124800,0
2022-11-14,214.74,214.99,210.06,210.33,1330000.0,1668384000,0
2022-11-15,215.55,220.3,211.87,212.92,816520.0,1668470400,0
2022-11-16,212.84,212.9,200.18,201.39,732220.0,1668556800,0
2022-11-17,195.58,196.63,191.71,194.96,1240000.0,1668643200,0
2022-11-18,200.0,201.15,191.74,193.56,605960.0,1668729600,0
2022-11-21,190.38,194.25,189.0,191.63,737530.0,1668988800,0
2022-11-22,192.9,192.9,188.01,191.39,757240.0,1669075200,0
2022-11-23,192.33,199.17,191.04,196.28,455890.0,1669161600,0
2022-11-25,194.82,196.28,190.99,194.67,387810.0,1669334400,0
2022-11-28,194.69,197.86,189.07,189.78,772770.0,1669593600,0
2022-11-29,188.86,194.05,187.36,191.83,583660.0,1669680000,0
2022-11-30,192.39,196.74,184.69,196.66,1690000.0,1669766400,0
2022-12-01,197.59,202.24,195.7,201.77,848840.0,1669852800,0
2022-12-02,197.03,199.99,195.93,198.41,566970.0,1669939200,0
2022-12-05,195.0,195.84,187.54,187.91,932150.0,1670198400,0
2022-12-06,186.76,187.23,183.26,186.04,708620.0,1670284800,0
2022-12-07,185.67,189.09,184.66,187.33,563560.0,1670371200,0
2022-12-08,188.53,192.02,186.05,190.46,663320.0,1670457600,0
2022-12-09,190.52,193.54,188.48,188.81,603630.0,1670544000,0
2022-12-12,190.95,196.43,188.4,195.01,1070000.0,1670803200,0
2022-12-13,205.81,207.49,195.89,198.58,1030000.0,1670889600,0
2022-12-14,197.32,202.0,193.52,195.81,694100.0,1670976000,0
2022-12-15,191.74,216.04,186.74,201.97,2750000.0,1671062400,0
2022-12-16,198.25,200.0,193.0,198.21,2030000.0,1671148800,0
2022-12-19,197.9,202.81,197.81,198.76,1180000.0,1671408000,0
2022-12-20,196.3,203.64,195.86,200.75,903410.0,1671494400,0
2022-12-21,201.04,204.38,200.16,204.28,818770.0,1671580800,0
2022-12-22,202.28,203.63,196.88,203.49,727350.0,1671667200,0
2022-12-23,201.58,203.88,198.25,203.67,931530.0,1671753600,0
2022-12-27,203.23,207.12,200.16,204.59,729910.0,1672099200,0
2022-12-28,204.8,206.52,200.39,201.58,1140000.0,1672185600,0
2022-12-29,203.61,214.2,201.61,212.14,728420.0,1672272000,0
2022-12-30,208.1,211.31,206.71,210.9,681720.0,1672358400,0
2023-01-03,215.46,219.53,208.29,212.28,1170000.0,1672704000,0
2023-01-04,217.26,225.23,215.14,224.63,1020000.0,1672790400,0
2023-01-05,221.89,222.92,216.9,219.82,778640.0,1672876800,0
2023-01-06,222.1,222.99,212.87,220.77,636960.0,1672963200,0
2023-01-09,224.03,230.35,222.08,227.67,830550.0,1673222400,0
2023-01-10,227.17,233.45,227.17,232.25,720630.0,1673308800,0
2023-01-11,234.0,238.15,231.21,234.16,1110000.0,1673395200,0
2023-01-12,234.16,237.24,228.34,235.58,963330.0,1673481600,0
2023-01-13,233.17,240.15,232.28,239.76,807110.0,1673568000,0
2023-01-17,238.78,246.44,237.88,246.04,1230000.0,1673913600,0
2023-01-18,247.28,254.71,246.05,246.8,1160000.0,1674000000,0
2023-01-19,242.07,242.71,230.18,236.3,1210000.0,1674086400,0
2023-01-20,237.78,243.3,235.84,243.01,734190.0,1674172800,0
2023-01-23,246.12,253.85,244.84,251.38,1030000.0,1674432000,0
2023-01-24,250.08,258.31,250.08,252.63,919250.0,1674518400,0
2023-01-25,246.82,252.47,245.64,252.08,812650.0,1674604800,0
2023-01-26,255.86,263.1,254.99,262.95,1170000.0,1674691200,0
2023-01-27,260.0,270.0,259.02,269.2,1170000.0,1674777600,0
2023-01-30,263.5,268.55,261.49,265.82,1450000.0,1675036800,0
2023-01-31,265.26,269.78,265.0,269.73,844740.0,1675123200,0
2023-02-01,270.29,284.14,268.94,282.53,1950000.0,1675209600,0
2023-02-02,336.5,368.87,332.6,359.88,4430000.0,1675296000,0
2023-02-03,350.41,352.83,341.0,343.1,1660000.0,1675382400,0
2023-02-06,347.99,364.76,341.82,342.46,1990000.0,1675641600,0
2023-02-07,341.02,346.75,332.8,345.07,1240000.0,1675728000,0
2023-02-08,341.64,343.55,333.0,334.83,731020.0,1675814400,0
2023-02-09,336.48,337.57,320.45,321.38,1120000.0,1675900800,0
2023-02-10,321.38,322.68,310.38,315.81,1050000.0,1675987200,0
2023-02-13,319.25,325.54,315.45,325.26,941000.0,1676246400,0
2023-02-14,324.39,334.28,320.12,331.52,1050000.0,1676332800,0
2023-02-15,327.98,339.1,327.7,338.39,889280.0,1676419200,0
2023-02-16,331.68,336.51,323.73,326.17,983430.0,1676505600,0
2023-02-17,322.16,322.19,312.61,316.71,944040.0,1676592000,0
2023-02-21,313.0,315.35,303.75,304.0,917220.0,1676937600,0
2023-02-22,303.81,308.43,300.65,302.72,960620.0,1677024000,0
2023-02-23,304.34,306.72,297.51,305.46,807500.0,1677110400,0
2023-02-24,297.47,306.78,297.26,306.28,699700.0,1677196800,0
2023-02-27,309.3,311.16,303.15,304.64,672080.0,1677456000,0
2023-02-28,303.55,313.11,303.55,309.5,754200.0,1677542400,0
2023-03-01,307.5,310.63,302.2,308.53,829820.0,1677628800,0
2023-03-02,303.22,313.62,303.17,313.21,667850.0,1677715200,0
2023-03-03,314.53,335.67,314.53,334.56,1420000.0,1677801600,0
2023-03-06,337.39,357.0,334.95,335.8,2190000.0,1678060800,0
2023-03-07,337.02,341.81,333.41,334.78,933200.0,1678147200,0
2023-03-08,333.59,334.81,327.9,332.26,572340.0,1678233600,0
2023-03-09,333.12,336.63,321.0,321.64,853160.0,1678320000,0
2023-03-10,321.97,322.5,306.71,312.79,882950.0,1678406400,0
2023-03-13,311.41,322.88,307.37,315.41,1020000.0,1678665600,0
2023-03-14,322.17,326.79,316.12,320.76,871500.0,1678752000,0
2023-03-15,313.04,318.61,307.65,318.17,1080000.0,1678838400,0
2023-03-16,317.69,327.98,314.55,326.4,925090.0,1678924800,0
2023-03-17,325.09,326.48,317.67,320.87,1580000.0,1679011200,0
2023-03-20,320.19,321.63,314.45,316.36,593630.0,1679270400,0
2023-03-21,319.98,330.71,318.01,327.64,823970.0,1679356800,0
2023-03-22,327.0,327.0,312.08,312.31,996270.0,1679443200,0
2023-03-23,314.06,319.54,307.35,311.48,995960.0,1679529600,0
2023-03-24,309.7,311.31,300.86,306.7,994130.0,1679616000,0
2023-03-27,308.25,311.92,301.86,305.95,695720.0,1679875200,0
2023-03-28,306.43,309.87,304.31,305.29,588690.0,1679961600,0
2023-03-29,309.37,310.05,303.71,306.21,499940.0,1680048000,0
2023-03-30,311.19,314.55,309.51,311.85,565620.0,1680134400,0
2023-03-31,315.04,335.15,315.0,334.14,1220000.0,1680220800,0
2023-04-03,333.29,335.08,324.3,327.35,642570.0,1680480000,0
2023-04-04,329.5,333.01,325.08,326.85,481190.0,1680566400,0
2023-04-05,324.44,324.44,314.16,317.02,526430.0,1680652800,0
2023-04-06,315.67,324.63,312.47,323.14,612980.0,1680739200,0
2023-04-10,319.58,330.8,316.62,330.66,541420.0,1681084800,0
2023-04-11,331.47,342.2,331.47,339.0,902960.0,1681171200,0
2023-04-12,342.38,343.22,331.73,332.25,535050.0,1681257600,0
2023-04-13,336.68,341.57,334.63,341.35,656040.0,1681344000,0
2023-04-14,341.67,346.48,337.73,342.27,558370.0,1681430400,0
2023-04-17,343.17,348.14,341.7,347.69,559400.0,1681689600,0
2023-04-18,353.37,355.87,346.09,348.05,684810.0,1681776000,0
2023-04-19,345.09,357.86,345.09,356.37,522320.0,1681862400,0
2023-04-20,351.94,357.98,351.59,352.39,502580.0,1681948800,0
2023-04-21,353.64,356.48,351.07,355.14,675110.0,1682035200,0
2023-04-24,355.14,363.27,352.33,363.06,809780.0,1682294400,0
2023-04-25,359.83,362.23,351.05,351.52,991940.0,1682380800,0
2023-04-26,351.83,355.21,348.12,354.55,1170000.0,1682467200,0
2023-04-27,321.95,326.55,309.0,317.73,2440000.0,1682553600,0
2023-04-28,317.02,326.31,316.73,325.3,1100000.0,1682640000,0
2023-05-01,324.89,326.51,314.52,317.33,714330.0,1682899200,0
2023-05-02,317.15,319.56,305.39,306.84,1020000.0,1682985600,0
2023-05-03,306.85,310.51,302.38,303.11,854460.0,1683072000,0
2023-05-04,301.2,304.3,297.83,304.11,729830.0,1683158400,0
2023-05-05,306.69,314.25,306.26,313.64,595910.0,1683244800,0
2023-05-08,311.8,312.29,302.77,306.07,694530.0,1683504000,0
2023-05-09,303.01,304.57,298.51,302.74,585260.0,1683590400,0
2023-05-10,307.0,308.36,302.42,305.26,504730.0,1683676800,0
2023-05-11,303.43,303.6,291.79,296.08,753410.0,1683763200,0
2023-05-12,296.78,297.8,291.3,293.71,568080.0,1683849600,0
2023-05-15,293.0,300.37,291.1,297.28,474120.0,1684108800,0
2023-05-16,294.15,295.34,289.87,292.3,569800.0,1684195200,0
2023-05-17,293.76,293.97,285.19,291.36,717970.0,1684281600,0
2023-05-18,290.92,296.2,287.69,293.42,726420.0,1684368000,0
2023-05-19,293.39,293.94,287.73,290.99,486240.0,1684454400,0
2023-05-22,291.04,304.36,290.22,300.83,752520.0,1684713600,0
2023-05-23,295.9,303.1,281.29,282.55,1360000.0,1684800000,0
2023-05-24,281.45,284.02,278.04,281.23,751400.0,1684886400,0
2023-05-25,282.96,284.89,277.76,280.08,497260.0,1684972800,0
2023-05-26,280.82,286.98,279.85,285.39,474700.0,1685059200,0
2023-05-30,283.79,287.06,281.86,284.95,547250.0,1685404800,0
2023-05-31,281.86,283.33,273.46,282.66,894490.0,1685491200,0
2023-06-01,283.65,298.64,282.29,297.2,1100000.0,1685577600,0
2023-06-02,299.74,302.68,296.02,302.0,696390.0,1685664000,0
2023-06-05,302.0,306.85,301.48,305.15,601240.0,1685923200,0
2023-06-06,303.72,308.65,301.97,304.68,386490.0,1686009600,0
2023-06-07,306.07,311.74,300.73,301.73,550490.0,1686096000,0
2023-06-08,300.29,308.32,300.29,306.76,421390.0,1686182400,0
2023-06-09,304.6,309.66,301.99,304.44,484580.0,1686268800,0
2023-06-12,304.81,311.71,301.89,311.29,571610.0,1686528000,0
2023-06-13,315.0,328.99,313.2,322.02,951950.0,1686614400,0
2023-06-14,324.11,328.49,317.72,322.46,538300.0,1686700800,0
2023-06-15,322.04,334.57,321.28,333.19,692150.0,1686787200,0
2023-06-16,334.95,335.87,326.52,330.29,1260000.0,1686873600,0
2023-06-20,327.02,333.05,320.53,331.43,529940.0,1687219200,0
2023-06-21,330.81,334.15,328.02,330.71,579080.0,1687305600,0
2023-06-22,331.1,335.1,326.41,334.4,459750.0,1687392000,0
2023-06-23,329.03,331.06,325.0,328.83,1090000.0,1687478400,0
2023-06-26,328.01,335.74,327.67,331.46,388200.0,1687737600,0
2023-06-27,333.29,341.92,328.99,340.69,495510.0,1687824000,0
2023-06-28,341.3,348.86,340.19,345.07,490380.0,1687910400,0
2023-06-29,345.0,349.67,337.76,341.79,553050.0,1687996800,0
2023-06-30,344.73,356.24,344.3,353.64,911190.0,1688083200,0
2023-07-03,351.38,351.38,340.0,344.59,475470.0,1688342400,0
2023-07-05,339.73,339.73,327.19,336.82,789820.0,1688515200,0
2023-07-06,330.08,331.76,323.53,330.92,652570.0,1688601600,0
2023-07-07,331.11,335.61,328.71,329.54,583670.0,1688688000,0
2023-07-10,330.89,343.82,330.89,343.7,558610.0,1688947200,0
2023-07-11,343.9,351.08,343.71,350.1,449360.0,1689033600,0
2023-07-12,355.3,358.85,349.02,357.6,706890.0,1689120000,0
2023-07-13,358.98,368.06,357.56,367.56,589360.0,1689206400,0
2023-07-14,367.51,371.39,366.15,366.88,591280.0,1689292800,0
2023-07-17,362.53,371.99,360.39,370.36,511360.0,1689552000,0
2023-07-18,359.0,361.03,353.62,360.62,883070.0,1689638400,0
2023-07-19,355.0,355.11,340.33,342.58,1270000.0,1689724800,0
2023-07-20,340.76,340.76,330.74,330.99,1240000.0,1689811200,0
2023-07-21,332.83,340.03,331.55,337.37,1570000.0,1689897600,0
2023-07-24,337.25,338.37,332.99,337.01,976240.0,1690156800,0
2023-07-25,335.51,337.19,324.89,332.14,1360000.0,1690243200,0
2023-07-26,329.59,340.48,328.06,339.85,1070000.0,1690329600,0
2023-07-27,403.83,413.2,379.52,385.31,3470000.0,1690416000,0
2023-07-28,396.37,397.0,378.22,381.9,1150000.0,1690502400,0
2023-07-31,384.9,384.9,376.01,377.89,642720.0,1690761600,0
2023-08-01,374.68,379.73,372.61,376.62,604760.0,1690848000,0
2023-08-02,372.0,372.65,363.3,367.4,571110.0,1690934400,0
2023-08-03,363.22,367.4,362.19,366.24,410240.0,1691020800,0
2023-08-04,366.99,369.71,359.72,361.44,613460.0,1691107200,0
2023-08-07,361.86,364.61,358.3,361.25,547900.0,1691366400,0
2023-08-08,357.57,359.13,353.53,357.75,536390.0,1691452800,0
2023-08-09,358.73,359.88,352.67,352.8,418770.0,1691539200,0
2023-08-10,354.35,357.14,345.88,347.23,387500.0,1691625600,0
2023-08-11,343.9,354.56,342.2,352.88,517150.0,1691712000,0
2023-08-14,351.33,360.67,349.65,360.49,432060.0,1691971200,0
2023-08-15,359.84,364.7,356.21,361.05,487740.0,1692057600,0
2023-08-16,359.57,361.57,357.73,358.54,520640.0,1692144000,0
2023-08-17,360.61,360.61,348.02,349.18,639910.0,1692230400,0
2023-08-18,345.49,352.43,344.25,350.36,503820.0,1692316800,0
2023-08-21,351.0,351.94,342.28,342.59,590040.0,1692576000,0
2023-08-22,342.52,353.5,342.0,351.63,534730.0,1692662400,0
2023-08-23,353.55,362.87,353.55,359.48,504380.0,1692748800,0
2023-08-24,366.72,369.5,350.53,350.71,613630.0,1692835200,0
2023-08-25,351.0,357.02,348.44,356.35,421950.0,1692921600,0
2023-08-28,360.49,360.73,356.45,358.66,272090.0,1693180800,0
2023-08-29,358.15,368.0,356.9,367.62,412770.0,1693267200,0
2023-08-30,371.11,374.87,369.61,370.86,575440.0,1693353600,0
2023-08-31,372.5,374.46,369.7,370.14,577610.0,1693440000,0
2023-09-01,375.14,375.68,369.01,374.9,374370.0,1693526400,0
2023-09-05,374.9,374.9,367.0,368.63,527500.0,1693872000,0
2023-09-06,367.86,370.41,365.25,369.7,618330.0,1693958400,0
2023-09-07,367.71,367.71,339.77,340.93,1540000.0,1694044800,0
2023-09-08,339.61,342.0,330.36,332.26,702970.0,1694131200,0
2023-09-11,335.0,336.11,331.0,335.18,488210.0,1694390400,0
2023-09-12,330.97,334.24,321.66,322.29,499980.0,1694476800,0
2023-09-13,320.79,324.54,316.32,322.41,492300.0,1694563200,0
2023-09-14,329.38,334.43,325.07,332.84,571100.0,1694649600,0
2023-09-15,332.42,335.73,326.49,332.09,848750.0,1694736000,0
2023-09-18,331.13,332.48,325.08,325.32,480550.0,1694995200,0
2023-09-19,324.3,326.07,316.68,318.0,557680.0,1695081600,0
2023-09-20,318.21,319.0,309.44,309.5,606300.0,1695168000,0
2023-09-21,305.7,305.7,298.87,300.28,847650.0,1695254400,0
2023-09-22,301.71,303.96,297.09,298.56,613640.0,1695340800,0
2023-09-25,298.08,298.55,293.42,298.02,655930.0,1695600000,0
2023-09-26,296.31,300.99,295.33,299.01,607880.0,1695686400,0
2023-09-27,300.0,303.93,297.12,301.68,744130.0,1695772800,0
2023-09-28,300.91,310.75,300.91,307.51,523020.0,1695859200,0
2023-09-29,309.37,311.79,303.57,305.32,463860.0,1695945600,0
2023-10-02,302.97,305.36,296.03,299.76,566040.0,1696204800,0
2023-10-03,296.05,301.77,288.41,290.61,583830.0,1696291200,0
2023-10-04,292.03,292.44,286.47,291.7,783600.0,1696377600,0
2023-10-05,291.7,292.0,276.48,280.17,1000000.0,1696464000,0
2023-10-06,276.28,287.68,275.37,284.64,702330.0,1696550400,0
2023-10-09,280.81,284.77,277.0,283.94,438870.0,1696809600,0
2023-10-10,285.03,291.69,282.48,286.51,469880.0,1696896000,0
2023-10-11,285.04,286.94,276.09,277.52,898870.0,1696982400,0
2023-10-12,278.0,278.2,265.62,268.0,902750.0,1697068800,0
2023-10-13,268.0,270.73,263.56,265.99,764910.0,1697155200,0
2023-10-16,269.97,275.39,264.64,272.36,784070.0,1697414400,0
2023-10-17,270.93,278.38,270.93,276.76,521780.0,1697500800,0
2023-10-18,272.43,274.73,269.09,272.4,694020.0,1697587200,0
2023-10-19,271.57,275.29,268.96,270.29,452040.0,1697673600,0
2023-10-20,271.27,272.9,266.67,269.88,495490.0,1697760000,0
2023-10-23,266.68,269.62,265.25,265.72,736530.0,1698019200,0
2023-10-24,264.64,267.93,262.75,265.46,1130000.0,1698105600,0
2023-10-25,263.0,264.45,252.33,253.69,1740000.0,1698192000,0
2023-10-26,196.9,201.06,187.21,190.56,5180000.0,1698278400,0
2023-10-27,192.51,197.47,185.55,190.94,2730000.0,1698364800,0
2023-10-30,192.66,194.12,176.34,186.74,2890000.0,1698624000,0
2023-10-31,188.09,189.54,183.5,184.59,1210000.0,1698710400,0
2023-11-01,183.74,184.06,178.52,183.21,1570000.0,1698796800,0
2023-11-02,188.95,193.51,184.89,192.32,1950000.0,1698883200,0
2023-11-03,194.6,202.97,194.6,197.44,2160000.0,1698969600,0
2023-11-06,202.0,202.64,197.1,197.77,1550000.0,1699228800,0
2023-11-07,198.07,199.65,196.02,197.52,1160000.0,1699315200,0
2023-11-08,197.67,197.67,192.04,193.62,1190000.0,1699401600,0
2023-11-09,194.97,194.97,186.12,187.34,1120000.0,1699488000,0
2023-11-10,189.81,192.68,186.01,192.13,1450000.0,1699574400,0
2023-11-13,191.2,193.46,190.75,191.22,942070.0,1699833600,0
2023-11-14,199.79,205.7,198.84,202.72,1500000.0,1699920000,0
2023-11-15,203.5,212.96,203.5,205.06,1280000.0,1700006400,0
2023-11-16,209.61,212.98,202.6,203.12,1270000.0,1700092800,0
2023-11-17,204.51,208.13,203.0,206.64,1090000.0,1700179200,0
2023-11-20,206.1,216.02,206.1,215.24,1360000.0,1700438400,0
2023-11-21,215.55,216.08,213.08,215.3,1040000.0,1700524800,0
2023-11-22,217.37,221.17,216.75,217.29,732980.0,1700611200,0
2023-11-24,218.11,220.95,217.79,219.48,487290.0,1700784000,0
2023-11-27,217.73,218.46,215.74,216.75,809600.0,1701043200,0
2023-11-28,216.75,216.75,212.56,214.14,700360.0,1701129600,0
2023-11-29,217.0,221.65,215.94,216.48,1010000.0,1701216000,0
2023-11-30,216.73,217.85,211.63,213.8,1190000.0,1701302400,0
2023-12-01,213.3,225.19,212.41,220.45,1390000.0,1701388800,0
2023-12-04,218.0,220.8,214.93,219.6,869500.0,1701648000,0
2023-12-05,217.17,217.98,211.8,215.35,910230.0,1701734400,0
2023-12-06,218.25,219.0,215.32,216.87,749080.0,1701820800,0
2023-12-07,216.82,218.49,214.11,216.61,727810.0,1701907200,0
2023-12-08,215.86,222.05,214.9,221.23,1340000.0,1701993600,0
2023-12-11,215.0,221.66,214.8,218.68,1050000.0,1702252800,0
2023-12-12,219.36,219.49,212.87,217.47,1240000.0,1702339200,0
2023-12-13,218.15,231.54,217.32,231.36,1040000.0,1702425600,0
2023-12-14,245.0,264.58,245.0,257.02,3210000.0,1702512000,0
2023-12-15,257.28,262.62,251.57,255.01,6480000.0,1702598400,0
2023-12-18,254.52,267.22,253.6,261.69,1380000.0,1702857600,0
2023-12-19,262.72,270.31,262.66,268.31,1040000.0,1702944000,0
2023-12-20,266.18,271.08,261.78,262.08,859140.0,1703030400,0
2023-12-21,267.19,274.84,267.01,274.1,831500.0,1703116800,0
2023-12-22,275.4,276.09,269.15,271.87,895300.0,1703203200,0
2023-12-26,272.46,276.51,269.34,274.19,511870.0,1703548800,0
2023-12-27,274.19,276.22,272.72,275.28,445080.0,1703635200,0
2023-12-28,274.63,279.0,274.14,276.67,383080.0,1703721600,0
2023-12-29,275.13,278.0,272.99,274.0,614210.0,1703808000,0
2024-01-02,271.0,272.86,266.07,268.92,761600.0,1704153600,0
2024-01-03,263.59,263.72,250.28,256.22,1200000.0,1704240000,0
2024-01-04,255.0,263.19,253.2,261.36,908180.0,1704326400,0
2024-01-05,259.0,269.74,259.0,264.68,846850.0,1704412800,0
2024-01-08,264.81,275.0,263.78,273.94,704130.0,1704672000,0
2024-01-09,269.34,281.94,268.68,277.52,694430.0,1704758400,0
2024-01-10,277.0,279.94,271.22,276.79,717780.0,1704844800,0
2024-01-11,276.89,280.22,273.85,276.36,675580.0,1704931200,0
2024-01-12,276.36,279.14,270.13,271.64,440390.0,1705017600,0
2024-01-16,268.5,268.92,264.58,267.46,467790.0,1705363200,0
2024-01-17,261.0,264.79,256.81,259.56,989190.0,1705449600,0
2024-01-18,264.09,264.68,259.22,264.51,614440.0,1705536000,0
2024-01-19,264.2,267.21,260.45,266.34,644200.0,1705622400,0
2024-01-22,269.0,273.38,266.05,271.61,534390.0,1705881600,0
2024-01-23,274.1,274.1,264.26,266.43,548770.0,1705968000,0
2024-01-24,269.0,269.0,257.05,257.07,956640.0,1706054400,0
2024-01-25,261.34,262.57,254.28,262.11,894270.0,1706140800,0
2024-01-26,264.55,269.85,262.6,264.28,894510.0,1706227200,0
2024-01-29,263.14,274.8,263.14,270.39,1160000.0,1706486400,0
2024-01-30,267.78,271.0,264.05,264.74,1100000.0,1706572800,0
2024-01-31,264.55,274.0,262.0,267.32,1380000.0,1706659200,0
2024-02-01,303.0,308.0,266.3,273.38,4920000.0,1706745600,0
2024-02-02,270.0,277.29,263.85,273.9,1260000.0,1706832000,0
2024-02-05,272.06,276.42,267.93,275.58,644030.0,1707091200,0
2024-02-06,276.5,293.92,276.02,288.44,1440000.0,1707177600,0
2024-02-07,288.18,291.04,282.59,284.73,835260.0,1707264000,0
2024-02-08,285.37,296.6,283.67,295.0,1150000.0,1707350400,0
2024-02-09,292.83,298.54,291.06,296.37,855600.0,1707436800,0
2024-02-12,294.71,303.88,294.71,302.44,827500.0,1707696000,0
2024-02-13,290.97,296.17,288.33,292.32,867300.0,1707782400,0
2024-02-14,295.33,303.13,293.3,302.75,757100.0,1707868800,0
2024-02-15,307.36,312.48,305.43,309.77,711600.0,1707955200,0
2024-02-16,307.19,314.32,305.08,308.77,764300.0,1708041600,0
2024-02-20,304.33,314.7,303.01,313.53,1031800.0,1708387200,0
2024-02-21,307.81,309.11,300.08,304.65,920700.0,1708473600,0
2024-02-22,305.44,317.25,303.58,316.56,732300.0,1708560000,0
2024-02-23,315.35,321.83,314.06,316.88,579900.0,1708646400,0
2024-02-26,312.9,316.9,310.74,310.84,489100.0,1708905600,0
2024-02-27,311.79,313.71,308.14,313.06,487700.0,1708992000,0
2024-02-28,308.87,309.4,302.06,302.39,558800.0,1709078400,0
2024-02-29,303.1,306.8,301.65,302.42,576700.0,1709164800,0
2024-03-01,301.36,304.63,297.24,300.01,645100.0,1709251200,0
2024-03-04,301.53,310.37,299.41,308.04,614800.0,1709510400,0
2024-03-05,303.78,305.02,296.14,299.49,572300.0,1709596800,0
2024-03-06,304.99,306.5,302.49,303.79,370200.0,1709683200,0
2024-03-07,308.17,312.77,306.56,310.8,512500.0,1709769600,0
2024-03-08,312.96,318.64,310.52,312.49,411600.0,1709856000,0
2024-03-11,310.24,314.82,305.94,308.09,427400.0,1710115200,0
2024-03-12,309.62,312.43,305.74,310.68,310100.0,1710201600,0
2024-03-13,315.0,325.9,315.0,320.69,694700.0,1710288000,0
2024-03-14,322.26,322.65,312.68,316.92,642500.0,1710374400,0
2024-03-15,312.46,319.77,312.46,314.35,744800.0,1710460800,0
2024-03-18,318.56,320.09,315.4,316.14,484200.0,1710720000,0
2024-03-19,314.48,319.68,312.61,317.2,397500.0,1710806400,0
2024-03-20,317.98,329.41,317.88,329.14,596100.0,1710892800,0
2024-03-21,331.01,335.4,321.03,321.27,454800.0,1710979200,0
2024-03-22,320.07,324.04,315.0,319.42,456900.0,1711065600,0
2024-03-25,318.17,323.21,316.19,319.28,380700.0,1711324800,0
2024-03-26,322.39,323.45,317.13,319.94,414400.0,1711411200,0
2024-03-27,325.1,328.2,324.27,327.9,404600.0,1711497600,0
2024-03-28,329.38,329.99,326.07,327.92,367300.0,1711584000,0
2024-04-01,327.01,328.09,313.06,319.65,562800.0,1711929600,0
2024-04-02,312.41,312.51,300.78,312.07,828900.0,1712016000,0
2024-04-03,309.19,314.44,309.15,310.11,527000.0,1712102400,0
2024-04-04,310.38,319.45,308.19,314.95,649400.0,1712188800,0
2024-04-05,311.95,322.31,311.95,317.58,595300.0,1712275200,0
2024-04-08,318.91,321.97,316.35,320.06,644100.0,1712534400,0
2024-04-09,322.52,330.92,322.21,330.25,600100.0,1712620800,0
2024-04-10,322.56,328.77,320.48,327.82,776300.0,1712707200,0
2024-04-11,328.36,331.64,319.55,324.9,515600.0,1712793600,0
2024-04-12,319.89,323.97,311.4,314.97,631600.0,1712880000,0
2024-04-15,319.62,319.81,302.95,304.74,549900.0,1713139200,0
2024-04-16,302.28,308.91,297.64,305.1,502700.0,1713225600,0
2024-04-17,307.52,307.52,296.9,300.14,574900.0,1713312000,0
2024-04-18,304.3,308.0,298.23,301.34,417000.0,1713398400,0
2024-04-19,302.99,304.75,296.5,298.98,520300.0,1713484800,0
2024-04-22,300.87,303.65,297.17,300.82,446800.0,1713744000,0
2024-04-23,302.55,312.43,299.96,311.88,621300.0,1713830400,0
2024-04-24,310.65,315.77,306.31,313.78,1106100.0,1713916800,0
2024-04-25,325.0,327.49,297.28,310.5,1654500.0,1714003200,0
2024-04-26,311.2,324.39,307.9,309.02,737300.0,1714089600,0
2024-04-29,308.45,313.29,303.46,304.82,515070.0,1714348800,0
2024-04-30,300.0,300.0,282.01,282.38,1218719.0,1714435200,0
2024-05-01,282.03,291.88,277.83,284.52,764000.0,1714521600,0
2024-05-02,287.84,288.8,280.99,286.54,605000.0,1714608000,0
2024-05-03,291.9,295.69,287.02,287.87,353600.0,1714694400,0
2024-05-06,290.95,291.46,285.62,287.37,362400.0,1714953600,0
2024-05-07,288.27,291.8,285.55,286.52,423000.0,1715040000,0
2024-05-08,281.79,281.79,263.99,273.65,1226900.0,1715126400,0
2024-05-09,274.41,280.62,272.53,280.39,572900.0,1715212800,0
2024-05-10,280.71,282.73,266.5,271.7,731100.0,1715299200,0
2024-05-13,273.23,276.74,270.86,272.74,465400.0,1715558400,0
2024-05-14,274.63,281.4,273.62,278.08,455000.0,1715644800,0
2024-05-15,282.0,282.0,275.56,280.32,537500.0,1715731200,0
2024-05-16,279.88,283.0,273.37,273.56,534900.0,1715817600,0
2024-05-17,274.0,274.7,268.35,271.5,591200.0,1715904000,0
2024-05-20,269.74,272.17,266.52,267.44,822200.0,1716163200,0
2024-05-21,265.45,267.24,262.02,264.02,502700.0,1716249600,0
2024-05-22,264.01,264.68,260.22,261.12,461000.0,1716336000,0
2024-05-23,261.53,262.19,249.73,252.39,910600.0,1716422400,0
2024-05-24,253.31,257.97,252.39,255.62,839400.0,1716508800,0
2024-05-28,255.62,257.07,251.72,253.77,723900.0,1716854400,0
2024-05-29,250.0,254.42,250.0,252.76,763200.0,1716940800,0
2024-05-30,253.7,260.22,251.95,256.5,1282100.0,1717027200,0
2024-05-31,257.36,258.32,252.9,257.21,1024000.0,1717113600,0
2024-06-03,257.21,259.53,253.88,254.53,798800.0,1717372800,0
2024-06-04,253.26,254.48,246.34,248.91,893900.0,1717459200,0
2024-06-05,250.82,257.29,248.14,256.01,985800.0,1717545600,0
2024-06-06,253.8,259.61,253.8,257.46,1110400.0,1717632000,0
2024-06-07,253.61,260.0,252.59,255.54,785700.0,1717718400,0
2024-06-10,252.64,257.01,252.34,255.7,857100.0,1717977600,0
2024-06-11,254.3,255.7,252.37,253.28,596376.0,1718064000,0
2024-06-12,259.61,267.689,258.54,266.13,988601.0,1718150400,0
