date,open,high,low,close,adjusted_close,volume
2021-07-12,14878.71,14899.46,14813.79,14877.8896,14877.8896,3897090000
2021-07-13,14871.04,15002.2803,14843.7998,14874.54,14874.54,4583460000
2021-07-14,14984.8604,15001.1299,14871.7305,14900.4404,14900.4404,4496220000
2021-07-15,14903.4902,14907.5098,14717.5498,14794.6904,14794.6904,4512550000
2021-07-16,14842.0801,14875.9697,14667.0996,14681.3799,14681.3799,4069530000
2021-07-19,14517.96,14578.96,14455.0703,14549.0898,14549.0898,4537130000
2021-07-20,14601.3398,14790.5996,14530.7803,14728.21,14728.21,4652450000
2021-07-21,14723.6699,14843.1699,14710.1104,14842.6299,14842.6299,4098520000
2021-07-22,14865.4697,14941.3799,14865.4697,14940.1699,14940.1699,3597540000
2021-07-23,15004.4297,15125.8398,14948.04,15111.79,15111.79,3997250000
2021-07-26,15088.2803,15142.3496,15048.2305,15125.9502,15125.9502,4437090000
2021-07-27,15103.0098,15107.7402,14787.7998,14956.9697,14956.9697,4329230000
2021-07-28,15005.1699,15078.8496,14913.5498,15018.0996,15018.0996,4268210000
2021-07-29,15015.2998,15091.96,15004.4199,15048.3604,15048.3604,3928640000
2021-07-30,14882.3896,14990.8604,14882.3896,14959.9004,14959.9004,3645050000
2021-08-02,15046.0996,15059.8896,14945.1299,14963.6201,14963.6201,3746130000
2021-08-03,14997.2002,15063.6602,14864.5303,15061.4199,15061.4199,4141370000
2021-08-04,15059.1602,15117.3799,15017.1396,15083.3896,15083.3896,4337330000
2021-08-05,15105.4004,15184.2695,15083.8398,15181.6396,15181.6396,4107300000
2021-08-06,15125.7402,15162.3398,15063.0195,15109.3604,15109.3604,4173090000
2021-08-09,15136.1396,15154.6797,15081.75,15133.1104,15133.1104,4111640000
2021-08-10,15157.3701,15169.4502,15010.1602,15053.5801,15053.5801,3991770000
2021-08-11,15101.8203,15127.7803,14972.5996,15027.7598,15027.7598,4002340000
2021-08-12,15012.5996,15097.9102,14956.25,15088.9805,15088.9805,4049000000
2021-08-13,15101.8398,15150.4805,15079.2998,15136.6797,15136.6797,4061070000
2021-08-16,15090.0498,15142.0303,14931.1504,15140.7695,15140.7695,3973920000
2021-08-17,15018.9404,15062.7002,14906.2197,15002.8301,15002.8301,4168880000
2021-08-18,14975.0195,15039.9004,14846.5098,14857.9199,14857.9199,3841840000
2021-08-19,14773.1904,15000.1904,14773.1904,14933.9404,14933.9404,4191490000
2021-08-20,14974.0596,15103.9404,14968.8701,15092.5703,15092.5703,3886340000
2021-08-23,15140.1396,15341.4697,15140.1396,15312.8203,15312.8203,3906780000
2021-08-24,15338.9199,15384.4199,15319.5498,15357.6797,15357.6797,3809750000
2021-08-25,15384.8301,15404.3604,15341.9199,15368.9199,15368.9199,3654150000
2021-08-26,15348.9805,15369.2803,15265.2305,15278.5195,15278.5195,3630900000
2021-08-27,15305.75,15447.0303,15292.7402,15432.9502,15432.9502,4048610000
2021-08-30,15460.9297,15620.6201,15459.7402,15605.0898,15605.0898,4061760000
2021-08-31,15601.3398,15604.4502,15522.7803,15582.5098,15582.5098,4188020000
2021-09-01,15637.1299,15696.4199,15603.6699,15611.5703,15611.5703,4271690000
2021-09-02,15656.2803,15681.7598,15554.29,15604.25,15604.25,4050510000
2021-09-03,15578.96,15668.1201,15554.9697,15652.8604,15652.8604,3706990000
2021-09-07,15662.2998,15701.4004,15610.2305,15675.7598,15675.7598,4014250000
2021-09-08,15669.0098,15669.0098,15528.4502,15620.8496,15620.8496,4131560000
2021-09-09,15639.4404,15675.46,15556.7402,15561.0498,15561.0498,4031140000
2021-09-10,15648.0498,15673.5,15433.4297,15440.75,15440.75,4587150000
2021-09-13,15545.6602,15562.2803,15351.7002,15434.5,15434.5,4723370000
2021-09-14,15505.7803,15525.9697,15352.0596,15382.9004,15382.9004,4593140000
2021-09-15,15419.9502,15518.9502,15316.4004,15503.5303,15503.5303,4465140000
2021-09-16,15452.6699,15539.1396,15370.8799,15515.9102,15515.9102,3701500000
2021-09-17,15481.4297,15485.21,15291.04,15333.4697,15333.4697,6709540000
2021-09-20,15068.6504,15157.2598,14821.0303,15012.1904,15012.1904,4879490000
2021-09-21,15096.9697,15139.9004,14986.9805,15027.7695,15027.7695,4083010000
2021-09-22,15073.96,15230.3398,15029.9004,15176.5098,15176.5098,4252490000
2021-09-23,15231.2002,15356.9199,15199.4297,15316.5801,15316.5801,4196130000
2021-09-24,15222.9697,15345.54,15209.1602,15329.6797,15329.6797,3992150000
2021-09-27,15205.2305,15240.5801,15106.4502,15204.8203,15204.8203,4650790000
2021-09-28,15001.9805,15040.5703,14758.9805,14770.2998,14770.2998,4989510000
2021-09-29,14835.5098,14914.9199,14727.4102,14752.8896,14752.8896,5294600000
2021-09-30,14830.2998,14888.2197,14684.5498,14689.6201,14689.6201,5950950000
2021-10-01,14731.3799,14830.8398,14555.1201,14791.8701,14791.8701,4710720000
2021-10-04,14713.5996,14727.5996,14384.9297,14472.1201,14472.1201,4557110000
2021-10-05,14533.4297,14763.6396,14520.2305,14674.1504,14674.1504,4176390000
2021-10-06,14529.8896,14775.6396,14499.4805,14766.75,14766.75,4465910000
2021-10-07,14899.0703,15010.3203,14878.2197,14897.1299,14897.1299,3984180000
2021-10-08,14942.3604,14948.3496,14805.5,14820.75,14820.75,3571380000
2021-10-11,14765.6904,14907.5703,14709.0498,14713.7305,14713.7305,3539540000
2021-10-12,14772.29,14784.7803,14636.3301,14662.1104,14662.1104,4063830000
2021-10-13,14751.7998,14800.8301,14676.5801,14774.5996,14774.5996,4053580000
2021-10-14,14925.5801,15059.8896,14901.5898,15052.4199,15052.4199,4262400000
2021-10-15,15106.9697,15150.1396,15064.5898,15146.9199,15146.9199,4494440000
2021-10-18,15091.5801,15307.5098,15074.71,15300.8896,15300.8896,4167740000
2021-10-19,15349.4502,15414.9697,15320.6201,15410.7197,15410.7197,4483400000
2021-10-20,15448.0,15457.1104,15333.4297,15388.71,15388.71,4117050000
2021-10-21,15365.8096,15497.5801,15350.5,15489.5898,15489.5898,4961860000
2021-10-22,15422.0703,15474.2803,15291.9502,15355.0703,15355.0703,5775770000
2021-10-25,15417.25,15555.6504,15338.4902,15514.1904,15514.1904,5750200000
2021-10-26,15615.3604,15710.79,15518.5898,15559.4902,15559.4902,7173230000
2021-10-27,15603.1602,15729.75,15578.6797,15598.3896,15598.3896,6130110000
2021-10-28,15674.3896,15784.0,15650.0098,15778.1602,15778.1602,5714890000
2021-10-29,15638.7402,15856.9004,15638.7402,15850.4697,15850.4697,5338290000
2021-11-01,15879.6104,15910.3496,15785.3096,15905.2803,15905.2803,5273950000
2021-11-02,15885.3398,15988.3301,15877.2695,15972.4902,15972.4902,5129370000
2021-11-03,16000.5996,16157.5996,15950.5898,16144.5,16144.5,5325110000
2021-11-04,16193.2197,16387.9492,16169.5596,16346.2402,16346.2402,5297250000
2021-11-05,16397.5898,16454.4805,16302.0596,16359.3799,16359.3799,5566400000
2021-11-08,16351.4902,16401.9297,16314.0,16336.0303,16336.0303,5723650000
2021-11-09,16389.9902,16401.8906,16168.6299,16219.9404,16219.9404,5574660000
2021-11-10,16087.0195,16224.5098,15905.2803,15985.5703,15985.5703,5369110000
2021-11-11,16114.0498,16116.25,16019.3896,16032.4697,16032.4697,4570460000
2021-11-12,16078.1299,16218.5498,16012.7803,16199.8896,16199.8896,5446540000
2021-11-15,16227.0098,16256.7305,16096.3701,16189.1201,16189.1201,5020180000
2021-11-16,16170.29,16329.5,16156.6904,16309.7695,16309.7695,5533020000
2021-11-17,16329.0703,16398.9492,16276.7695,16308.0703,16308.0703,5049320000
2021-11-18,16398.7598,16501.9199,16309.5098,16482.9707,16482.9707,5391360000
2021-11-19,16558.5605,16625.8594,16523.8301,16573.3398,16573.3398,4875310000
2021-11-22,16644.7695,16764.8594,16374.7803,16380.9805,16380.9805,5567830000
2021-11-23,16330.1797,16417.5,16121.7002,16306.7197,16306.7197,5434380000
2021-11-24,16202.2598,16370.5596,16106.0195,16367.8096,16367.8096,4197090000
2021-11-26,16237.4102,16302.5801,15988.9502,16025.5801,16025.5801,3502170000
2021-11-29,16263.4297,16437.1602,16214.5596,16399.2402,16399.2402,4836230000
2021-11-30,16333.9502,16454.5605,16073.7598,16135.9199,16135.9199,6631470000
2021-12-01,16347.96,16427.1895,15864.0,15877.7197,15877.7197,6320260000
2021-12-02,15791.2998,16066.3203,15770.9199,15990.7598,15990.7598,5418340000
2021-12-03,16039.4102,16089.6104,15543.3096,15712.04,15712.04,5900290000
2021-12-06,15744.9102,15898.5898,15557.7803,15846.1602,15846.1602,5115230000
2021-12-07,16139.5596,16343.6699,16128.4404,16325.6602,16325.6602,5116490000
2021-12-08,16313.8799,16401.0996,16250.3896,16394.3398,16394.3398,4615390000
2021-12-09,16337.8096,16413.2793,16141.3896,16149.5703,16149.5703,4515600000
2021-12-10,16278.2998,16339.1201,16139.0,16331.9805,16331.9805,4426210000
2021-12-13,16317.9004,16332.6299,16075.54,16082.5498,16082.5498,4573920000
2021-12-14,15877.6504,15995.21,15742.7998,15914.9004,15914.9004,4865990000
2021-12-15,15908.4502,16301.2695,15746.9404,16289.5898,16289.5898,5343920000
2021-12-16,16335.0303,16340.5303,15802.6299,15863.9404,15863.9404,4906480000
2021-12-17,15714.54,15960.25,15664.0996,15801.46,15801.46,7668770000
2021-12-20,15566.8301,15662.6104,15508.7402,15627.6396,15627.6396,4602640000
2021-12-21,15794.3799,15997.6104,15617.4805,15986.2803,15986.2803,4581720000
2021-12-22,15963.54,16186.25,15947.5596,16180.1396,16180.1396,4107900000
2021-12-23,16203.7598,16360.75,16188.0303,16308.21,16308.21,3935010000
2021-12-27,16361.0703,16567.6406,16361.0703,16567.5,16567.5,3743920000
2021-12-28,16602.9199,16607.1895,16458.4902,16488.6602,16488.6602,3648500000
2021-12-29,16510.6309,16548.9199,16396.1602,16491.0098,16491.0098,3714380000
2021-12-30,16485.4004,16569.6191,16415.1191,16429.0996,16429.0996,3750920000
2021-12-31,16411.2598,16464.6191,16317.2598,16320.0801,16320.0801,3392580000
2022-01-03,16395.5098,16504.1406,16306.6396,16501.7695,16501.7695,4429960000
2022-01-04,16513.8691,16513.8691,16151.9004,16279.7305,16279.7305,5131110000
2022-01-05,16190.5498,16249.2305,15763.8398,15771.7803,15771.7803,5031850000
2022-01-06,15675.2197,15900.5996,15608.5703,15765.3604,15765.3604,4790820000
2022-01-07,15774.1299,15835.0,15526.7998,15592.1904,15592.1904,4238070000
2022-01-10,15383.1797,15627.9199,15165.5303,15614.4297,15614.4297,5317180000
2022-01-11,15582.7197,15848.5596,15496.9102,15844.1201,15844.1201,4390710000
2022-01-12,15955.4805,16017.3896,15815.9502,15905.0996,15905.0996,4338530000
2022-01-13,15970.0898,15990.3799,15468.0898,15495.6201,15495.6201,4302020000
2022-01-14,15396.4697,15617.1797,15396.4697,15611.5898,15611.5898,4374020000
2022-01-18,15378.0596,15446.2998,15182.96,15210.7598,15210.7598,5060790000
2022-01-19,15287.25,15382.0,15038.4404,15047.8398,15047.8398,4665340000
2022-01-20,15176.3799,15347.6201,14832.6904,14846.46,14846.46,5102050000
2022-01-21,14728.6602,14868.4502,14432.6396,14438.4004,14438.4004,5870830000
2022-01-24,14160.9102,14532.5703,13724.8496,14509.5801,14509.5801,6998770000
2022-01-25,14237.5996,14410.4297,14033.8096,14149.1201,14149.1201,5019380000
2022-01-26,14492.5195,14646.54,14006.4004,14172.7598,14172.7598,5771140000
2022-01-27,14346.46,14419.4502,13972.8799,14003.1104,14003.1104,5177380000
2022-01-28,14091.3096,14457.7803,13880.4805,14454.6104,14454.6104,4971930000
2022-01-31,14505.0703,14934.5195,14442.8799,14930.0498,14930.0498,5124940000
2022-02-01,14966.5996,15034.4199,14749.4902,15019.6797,15019.6797,4671850000
2022-02-02,15173.0303,15196.4004,14960.8496,15139.7402,15139.7402,4673140000
2022-02-03,14693.8496,14856.5098,14471.2002,14501.1104,14501.1104,4326300000
2022-02-04,14566.2803,14832.0498,14452.2803,14694.3496,14694.3496,4121340000
2022-02-07,14716.4297,14813.8604,14524.6299,14571.25,14571.25,4268730000
2022-02-08,14533.25,14785.2197,14485.7803,14747.0303,14747.0303,4293770000
2022-02-09,14930.9902,15057.9004,14870.3604,15056.96,15056.96,4729730000
2022-02-10,14770.6797,15037.2598,14636.6201,14705.6396,14705.6396,5212510000
2022-02-11,14739.46,14769.6396,14194.54,14253.8398,14253.8398,5237320000
2022-02-14,14233.4004,14400.7803,14119.7305,14268.5898,14268.5898,4347350000
2022-02-15,14482.1104,14624.5303,14444.46,14620.8203,14620.8203,4416840000
2022-02-16,14514.8398,14647.79,14399.29,14603.6396,14603.6396,4238560000
2022-02-17,14485.0801,14497.46,14155.4297,14171.7402,14171.7402,4278370000
2022-02-18,14207.5498,14225.7197,13918.7598,14009.54,14009.54,4501940000
2022-02-22,13892.8096,14109.2598,13720.9199,13870.5303,13870.5303,4849170000
2022-02-23,14016.9404,14035.9297,13502.5801,13509.4297,13509.4297,4639330000
2022-02-24,13065.4404,13989.0996,13065.4404,13974.6699,13974.6699,6180200000
2022-02-25,13973.9004,14193.0,13850.29,14189.1602,14189.1602,4628720000
2022-02-28,14058.6104,14296.5996,14009.3604,14237.8096,14237.8096,5928130000
2022-03-01,14197.6602,14271.5801,13906.9199,14005.9902,14005.9902,6131350000
2022-03-02,14075.1104,14292.7197,13962.6904,14243.6904,14243.6904,5246390000
2022-03-03,14339.7002,14342.5596,13965.1104,14035.21,14035.21,5092580000
2022-03-04,13957.5996,13992.9697,13738.6104,13837.8301,13837.8301,5343900000
2022-03-07,13853.5303,13879.0996,13314.4404,13319.3799,13319.3799,6195370000
2022-03-08,13275.2305,13663.2695,13129.4004,13267.6104,13267.6104,6683960000
2022-03-09,13610.4805,13793.1104,13504.4805,13742.2002,13742.2002,5396550000
2022-03-10,13577.8398,13633.6904,13399.46,13591.0,13591.0,5071250000
2022-03-11,13701.7998,13714.4404,13285.1904,13301.8301,13301.8301,5288210000
2022-03-14,13248.0898,13386.6699,13020.4004,13046.6396,13046.6396,5876710000
2022-03-15,13174.9697,13488.1797,13092.4502,13458.5596,13458.5596,5440100000
2022-03-16,13633.1201,13960.25,13475.0898,13956.79,13956.79,6552210000
2022-03-17,13878.9902,14125.6699,13827.3398,14118.5996,14118.5996,5612090000
2022-03-18,14061.29,14427.4697,14014.4297,14420.0801,14420.0801,8149290000
2022-03-21,14377.1504,14470.6797,14190.5303,14376.0898,14376.0898,5673940000
2022-03-22,14396.0303,14688.9697,14385.5498,14654.3301,14654.3301,5445100000
2022-03-23,14525.2197,14681.3301,14446.04,14447.5498,14447.5498,5024230000
2022-03-24,14529.7197,14767.7305,14440.6699,14765.6904,14765.6904,5149520000
2022-03-25,14766.9004,14805.8799,14577.5898,14754.3096,14754.3096,5585100000
2022-03-28,14763.1602,14989.0801,14705.9199,14987.4004,14987.4004,5129500000
2022-03-29,15142.9297,15265.4199,15039.6104,15239.3203,15239.3203,6060890000
2022-03-30,15177.1504,15229.0098,15010.3398,15071.5498,15071.5498,5479200000
2022-03-31,15074.2305,15088.3799,14835.1602,14838.4902,14838.4902,5453890000
2022-04-01,14886.9102,14925.9297,14723.8301,14861.21,14861.21,5002790000
2022-04-04,14903.3799,15161.8896,14884.5703,15159.5801,15159.5801,4630100000
2022-04-05,15109.2695,15120.6699,14782.5703,14820.6396,14820.6396,4727710000
2022-04-06,14600.2998,14639.3496,14395.4004,14498.8896,14498.8896,5360420000
2022-04-07,14469.5,14624.2402,14315.6904,14531.8096,14531.8096,4856090000
2022-04-08,14450.5303,14490.1904,14307.6797,14327.2598,14327.2598,4574080000
2022-04-11,14149.5996,14187.6699,13979.1396,13990.21,13990.21,4946680000
2022-04-12,14175.6602,14264.7402,13882.75,13940.2402,13940.2402,4991720000
2022-04-13,13939.6104,14258.8096,13919.4805,14217.29,14217.29,4909720000
2022-04-14,14225.4697,14235.3896,13884.8203,13893.21,13893.21,4642240000
2022-04-18,13859.4697,13997.9297,13788.96,13910.7598,13910.7598,4365230000
2022-04-19,13882.75,14236.5098,13844.7402,14210.2598,14210.2598,4562840000
2022-04-20,14246.2002,14263.6104,13962.8604,13998.5303,13998.5303,4678930000
2022-04-21,14174.9199,14277.21,13682.6797,13720.4502,13720.4502,5233110000
2022-04-22,13714.6299,13769.4004,13342.79,13356.8701,13356.8701,4475090000
2022-04-25,13275.4102,13541.7695,13239.7305,13533.2197,13533.2197,4845160000
2022-04-26,13447.6602,13447.6602,13009.6504,13009.71,13009.71,5168160000
2022-04-27,13009.4004,13241.9404,12936.4102,13003.3604,13003.3604,4810720000
2022-04-28,13254.96,13542.5596,13038.1699,13456.0596,13456.0596,5067150000
2022-04-29,13274.9404,13428.5303,12835.4805,12854.7998,12854.7998,4733070000
2022-05-02,12864.8301,13083.5703,12716.6299,13075.8496,13075.8496,4918240000
2022-05-03,13045.3496,13178.7402,12982.7002,13089.9004,13089.9004,4547280000
2022-05-04,13110.2998,13556.6699,12887.5303,13535.71,13535.71,5498050000
2022-05-05,13344.79,13344.79,12710.5898,12850.5498,12850.5498,5308920000
2022-05-06,12776.8604,12926.5801,12522.7695,12693.5303,12693.5303,5324480000
2022-05-09,12465.9102,12542.3203,12136.1904,12187.7197,12187.7197,5939140000
2022-05-10,12496.8398,12537.8896,12173.4697,12345.8604,12345.8604,6218260000
2022-05-11,12240.21,12470.8896,11939.0898,11967.5596,11967.5596,6152370000
2022-05-12,11790.1299,12128.7305,11692.1201,11945.5,11945.5,6679470000
2022-05-13,12125.9297,12429.2803,12069.1299,12387.4004,12387.4004,5894020000
2022-05-16,12297.0703,12395.5098,12196.21,12243.5801,12243.5801,4930250000
2022-05-17,12496.6299,12572.9902,12333.9902,12564.0996,12564.0996,5093960000
2022-05-18,12352.9199,12389.96,11887.0,11928.3096,11928.3096,5064120000
2022-05-19,11872.5596,12066.8496,11795.79,11875.6299,11875.6299,5154410000
2022-05-20,12037.0303,12044.7002,11492.29,11835.6201,11835.6201,5434370000
2022-05-23,11867.0801,12047.8096,11785.7598,12034.2803,12034.2803,4552200000
2022-05-24,11807.7803,11842.8096,11576.1104,11769.8398,11769.8398,4724430000
2022-05-25,11732.4502,12028.8896,11714.2695,11943.9297,11943.9297,4519690000
2022-05-26,11906.8301,12337.7305,11901.8701,12276.79,12276.79,4672620000
2022-05-27,12421.7998,12682.5801,12405.29,12681.4199,12681.4199,4793900000
2022-05-31,12688.9502,12762.8398,12482.3203,12642.0996,12642.0996,6045500000
2022-06-01,12750.3096,12820.4697,12457.9102,12548.3604,12548.3604,4719900000
2022-06-02,12498.6299,12897.6299,12447.7695,12892.8896,12892.8896,4445840000
2022-06-03,12650.3799,12724.8096,12505.7598,12548.0303,12548.0303,4130040000
2022-06-06,12745.8896,12804.46,12534.5801,12599.6299,12599.6299,4647010000
2022-06-07,12456.4902,12737.2998,12413.5596,12711.6797,12711.6797,4411240000
2022-06-08,12682.8096,12776.6504,12578.5498,12615.1299,12615.1299,4708980000
2022-06-09,12543.3701,12666.4102,12265.8604,12269.7803,12269.7803,5408460000
2022-06-10,12052.5898,12082.6904,11825.3496,11832.8203,11832.8203,5152020000
2022-06-13,11472.1904,11568.6504,11254.1904,11288.3203,11288.3203,5937320000
2022-06-14,11385.1797,11418.2197,11205.9199,11311.6904,11311.6904,4819890000
2022-06-15,11468.1299,11751.29,11346.54,11593.7695,11593.7695,5368500000
2022-06-16,11286.8701,11311.0498,11037.21,11127.5703,11127.5703,5696630000
2022-06-17,11172.6504,11357.9697,11089.9297,11265.9902,11265.9902,7452830000
2022-06-21,11446.9805,11638.4697,11446.9805,11546.7598,11546.7598,5226260000
2022-06-22,11427.7402,11708.0801,11423.2002,11527.71,11527.71,5238180000
2022-06-23,11622.0898,11729.6201,11515.4805,11697.6797,11697.6797,5258200000
2022-06-24,11826.9502,12112.8203,11812.1797,12105.8496,12105.8496,9468130000
2022-06-27,12157.9297,12175.9805,11965.6699,12008.2402,12008.2402,5047860000
2022-06-28,12021.3398,12133.8701,11633.1299,11637.7695,11637.7695,5433220000
2022-06-29,11619.0098,11710.21,11537.7197,11658.2598,11658.2598,5650860000
2022-06-30,11532.3203,11650.96,11322.8604,11503.7197,11503.7197,5654520000
2022-07-01,11472.6299,11592.8496,11378.6299,11585.6797,11585.6797,4865730000
2022-07-05,11419.3398,11781.7402,11366.0703,11779.9004,11779.9004,5053570000
2022-07-06,11807.0801,11941.3096,11727.3604,11852.5898,11852.5898,4851170000
2022-07-07,11913.7305,12137.71,11897.5098,12109.0498,12109.0498,4685050000
2022-07-08,11977.9502,12179.3203,11956.0303,12125.6904,12125.6904,4526570000
2022-07-11,12008.7598,12026.0596,11830.8896,11860.2803,11860.2803,4362910000
2022-07-12,11926.8398,11990.4404,11684.0195,11744.9902,11744.9902,4317860000
2022-07-13,11523.9102,11819.6904,11498.96,11728.5303,11728.5303,4433060000
2022-07-14,11637.1797,11801.1104,11488.2695,11768.4004,11768.4004,4481070000
2022-07-15,11896.1504,11987.5195,11828.1299,11983.6201,11983.6201,4369060000
2022-07-18,12089.6797,12156.0898,11836.5195,11877.5,11877.5,5057920000
2022-07-19,12046.6904,12258.3701,11967.9199,12249.4199,12249.4199,5302740000
2022-07-20,12269.0703,12488.3896,12232.2002,12439.6797,12439.6797,5467080000
2022-07-21,12466.1299,12620.5,12351.4199,12619.4102,12619.4102,4680930000
2022-07-22,12575.7598,12662.8604,12322.8203,12396.4697,12396.4697,4721880000
2022-07-25,12391.21,12415.5898,12244.4004,12328.4102,12328.4102,4346520000
2022-07-26,12248.21,12259.0098,12051.21,12086.9004,12086.9004,4349760000
2022-07-27,12299.3398,12660.7695,12256.9404,12601.4697,12601.4697,4588480000
2022-07-28,12580.6104,12741.8301,12433.5498,12717.8701,12717.8701,4924950000
2022-07-29,12784.2002,12986.6396,12726.25,12947.9697,12947.9697,4907410000
2022-08-01,12877.04,13084.6104,12833.1602,12940.7803,12940.7803,4396390000
2022-08-02,12853.04,13073.2695,12809.0098,12901.5996,12901.5996,4792140000
2022-08-03,12983.5801,13289.1904,12974.8496,13253.2598,13253.2598,5667990000
2022-08-04,13253.7695,13326.7197,13170.4404,13311.04,13311.04,5451470000
2022-08-05,13107.4502,13286.0195,13070.3604,13207.6904,13207.6904,4911300000
2022-08-08,13227.0898,13394.54,13103.7998,13159.1602,13159.1602,5238600000
2022-08-09,13064.2402,13095.7002,12945.5996,13008.1699,13008.1699,5307340000
2022-08-10,13330.6602,13386.8496,13220.0498,13378.3203,13378.3203,5196210000
2022-08-11,13471.0303,13555.3799,13271.3496,13291.9902,13291.9902,5815960000
2022-08-12,13384.6504,13565.8701,13341.6504,13565.8701,13565.8701,4782610000
2022-08-15,13529.6602,13685.6504,13524.5303,13667.1797,13667.1797,4476040000
2022-08-16,13617.6602,13720.9102,13508.4697,13635.21,13635.21,5028410000
2022-08-17,13499.2402,13591.5801,13389.8203,13470.8604,13470.8604,5229520000
2022-08-18,13474.2402,13553.2803,13405.7402,13505.9902,13505.9902,4724350000
2022-08-19,13370.25,13402.6104,13210.8203,13242.9004,13242.9004,4628170000
2022-08-22,13056.3896,13073.0703,12859.8203,12890.54,12890.54,4270980000
2022-08-23,12885.2803,13000.71,12852.7002,12881.79,12881.79,3836180000
2022-08-24,12876.2305,12995.1396,12843.5801,12917.8604,12917.8604,3917170000
2022-08-25,12984.7402,13146.8398,12951.6104,13143.5801,13143.5801,4323470000
2022-08-26,13129.9102,13175.25,12603.4102,12605.1699,12605.1699,4530000000
2022-08-29,12488.46,12594.3398,12440.4004,12484.3203,12484.3203,4209850000
2022-08-30,12562.4004,12572.8799,12240.8203,12342.7002,12342.7002,4681520000
2022-08-31,12448.0703,12502.1504,12268.0801,12272.0303,12272.0303,4952010000
2022-09-01,12158.8799,12290.3301,12012.9805,12274.6201,12274.6201,4792890000
2022-09-02,12392.46,12451.2803,12035.5303,12098.4404,12098.4404,4257410000
2022-09-06,12106.5703,12152.4199,11928.8096,12011.3096,12011.3096,4622940000
2022-09-07,12038.1797,12298.1201,12026.9805,12259.3896,12259.3896,4445640000
2022-09-08,12139.5703,12374.1299,12120.2598,12321.1904,12321.1904,4329910000
2022-09-09,12424.1504,12610.4297,12424.1504,12588.29,12588.29,4401590000
2022-09-12,12649.2305,12752.8301,12639.7598,12739.7197,12739.7197,4146680000
2022-09-13,12364.8301,12420.0098,12004.4199,12033.6201,12033.6201,5188380000
2022-09-14,12092.0303,12170.25,12016.4297,12134.4004,12134.4004,4861530000
2022-09-15,12034.4297,12153.3398,11867.8799,11927.4902,11927.4902,4805910000
2022-09-16,11775.9404,11875.0898,11710.2598,11861.3799,11861.3799,7451840000
2022-09-19,11753.5996,11956.79,11752.4297,11953.2695,11953.2695,4168670000
2022-09-20,11855.8398,11951.1299,11761.6904,11851.54,11851.54,4028100000
2022-09-21,11892.7197,12062.5195,11636.25,11637.79,11637.79,4471000000
2022-09-22,11574.3203,11617.9902,11448.8604,11501.6504,11501.6504,4916470000
2022-09-23,11398.75,11402.4102,11169.6602,11311.2402,11311.2402,5134350000
2022-09-26,11283.1396,11473.3604,11235.7402,11254.1104,11254.1104,4697730000
2022-09-27,11411.3398,11502.3799,11175.29,11271.75,11271.75,4445050000
2022-09-28,11258.7402,11546.8701,11210.8096,11493.8301,11493.8301,4556100000
2022-09-29,11334.5703,11339.9102,11038.9404,11164.7803,11164.7803,4516630000
2022-09-30,11123.1104,11296.1602,10966.9502,10971.2197,10971.2197,4649710000
2022-10-03,11059.1699,11296.4297,10985.0098,11229.7305,11229.7305,4415440000
2022-10-04,11477.8496,11609.25,11462.3701,11582.54,11582.54,5004780000
2022-10-05,11429.4697,11647.6201,11312.5195,11573.1797,11573.1797,4091860000
2022-10-06,11556.4004,11660.5498,11472.8301,11485.5,11485.5,4423320000
2022-10-07,11272.46,11293.6504,10991.6602,11039.4697,11039.4697,4634190000
2022-10-10,11048.5098,11063.21,10824.25,10926.9697,10926.9697,3989640000
2022-10-11,10865.3203,10981.9102,10716.3301,10791.3496,10791.3496,4738840000
2022-10-12,10810.2998,10886.4902,10754.8496,10785.6201,10785.6201,4091030000
2022-10-13,10481.5801,11087.6602,10440.6396,11033.5801,11033.5801,5300080000
2022-10-14,11130.0801,11152.8896,10677.4805,10692.0596,10692.0596,4393000000
2022-10-17,10967.25,11090.8701,10959.7402,11062.5303,11062.5303,4439190000
2022-10-18,11368.7598,11374.3799,11035.7998,11147.7402,11147.7402,5047360000
2022-10-19,11081.8203,11231.46,11008.1104,11103.3799,11103.3799,4955090000
2022-10-20,11081.2197,11279.8096,11001.2803,11046.71,11046.71,4628010000
2022-10-21,10998.1699,11327.7695,10962.0098,11310.3301,11310.3301,4706440000
2022-10-24,11321.1104,11468.1797,11166.4902,11430.2598,11430.2598,4808710000
2022-10-25,11482.8701,11681.8496,11480.4102,11669.9902,11669.9902,5141760000
2022-10-26,11409.79,11657.0596,11388.3398,11405.9004,11405.9004,5224440000
2022-10-27,11387.71,11417.04,11179.9004,11191.6299,11191.6299,4773520000
2022-10-28,11176.9902,11563.1602,11176.9902,11546.21,11546.21,4731940000
2022-10-31,11465.21,11482.9902,11331.2598,11405.5703,11405.5703,4753740000
2022-11-01,11571.5303,11574.3896,11278.2803,11288.9502,11288.9502,4677520000
2022-11-02,11300.2695,11410.9102,10903.4805,10906.3398,10906.3398,5436420000
2022-11-03,10769.4297,10852.1797,10680.8301,10690.5996,10690.5996,5102190000
2022-11-04,10911.9805,10934.6201,10632.3896,10857.0303,10857.0303,5453750000
2022-11-07,10900.8301,11001.1602,10817.5898,10977.0,10977.0,4456690000
2022-11-08,11039.5801,11191.9004,10897.5303,11059.5,11059.5,5134500000
2022-11-09,10971.4297,11012.6602,10790.3496,10797.5498,10797.5498,4977460000
2022-11-10,11350.4199,11612.2002,11235.7402,11605.96,11605.96,6433000000
2022-11-11,11604.3604,11840.0703,11535.5596,11817.0098,11817.0098,5867750000
2022-11-14,11728.1104,11863.8203,11669.0996,11700.9404,11700.9404,5004060000
2022-11-15,12006.4502,12024.9502,11735.4004,11871.1504,11871.1504,5617310000
2022-11-16,11767.4199,11796.9902,11673.1396,11699.0898,11699.0898,4585190000
2022-11-17,11521.6396,11737.6104,11519.3799,11676.8604,11676.8604,4354360000
2022-11-18,11791.8496,11794.6797,11579.6396,11677.0195,11677.0195,4175420000
2022-11-21,11623.3496,11664.9404,11524.4404,11553.4502,11553.4502,3977130000
2022-11-22,11590.8301,11731.7598,11503.3398,11724.8398,11724.8398,4186360000
2022-11-23,11725.0801,11866.4199,11722.0098,11838.7197,11838.7197,4431530000
2022-11-25,11777.3301,11803.9102,11748.79,11756.0303,11756.0303,2184080000
2022-11-28,11684.0703,11764.8301,11555.2598,11587.75,11587.75,4271360000
2022-11-29,11590.2998,11613.3301,11450.3398,11503.4502,11503.4502,4592830000
2022-11-30,11505.7402,12031.3398,11481.8896,12030.0596,12030.0596,6653460000
2022-12-01,12030.2402,12115.3398,11928.6602,12041.8896,12041.8896,5158120000
2022-12-02,11845.5303,12027.6201,11825.5303,11994.2598,11994.2598,4523010000
2022-12-05,11899.54,11957.3604,11732.1504,11786.7998,11786.7998,4510030000
2022-12-06,11775.2002,11790.9297,11488.5996,11549.6904,11549.6904,4713330000
2022-12-07,11490.9902,11577.6904,11431.96,11497.3896,11497.3896,4343860000
2022-12-08,11543.6797,11672.1396,11470.6797,11637.5,11637.5,4281800000
2022-12-09,11594.3799,11707.0898,11550.3096,11563.3301,11563.3301,4337440000
2022-12-12,11572.2598,11707.71,11529.4102,11706.4404,11706.4404,4829990000
2022-12-13,12141.2402,12166.4102,11724.9004,11834.21,11834.21,6126890000
2022-12-14,11824.54,11941.2803,11617.4102,11740.9199,11740.9199,5485150000
2022-12-15,11573.3799,11591.3301,11300.3496,11345.2197,11345.2197,5536070000
2022-12-16,11313.6396,11383.3896,11175.54,11243.7197,11243.7197,7968170000
2022-12-19,11243.0,11251.5703,11029.7695,11084.5898,11084.5898,4631820000
2022-12-20,11023.4697,11143.6201,10967.0703,11072.4199,11072.4199,4707190000
2022-12-21,11110.6504,11285.7803,11083.3604,11235.8799,11235.8799,4401420000
2022-12-22,11099.3604,11114.2305,10784.0195,10956.1396,10956.1396,5125070000
2022-12-23,10911.04,11007.0898,10830.9004,10985.4502,10985.4502,3544680000
2022-12-27,10944.2998,10957.4404,10807.6104,10822.5098,10822.5098,3827290000
2022-12-28,10807.1201,10898.6396,10671.1904,10679.3398,10679.3398,3842970000
2022-12-29,10800.7998,10981.0596,10776.6201,10951.0498,10951.0498,4154100000
2022-12-30,10835.5898,10942.9004,10778.6396,10939.7598,10939.7598,3959030000
2023-01-03,11038.4199,11093.0996,10770.9297,10862.6396,10862.6396,4780650000
2023-01-04,10949.3398,10981.46,10785.5303,10914.7998,10914.7998,5085380000
2023-01-05,10837.25,10842.3301,10728.2598,10741.2197,10741.2197,4764270000
2023-01-06,10807.46,11082.5898,10696.4199,11040.3496,11040.3496,5199780000
2023-01-09,11133.0703,11304.8398,11085.3203,11108.4502,11108.4502,5132190000
2023-01-10,11069.0498,11207.5596,11050.6797,11205.7803,11205.7803,4710680000
2023-01-11,11259.1602,11403.8896,11220.75,11402.5195,11402.5195,5284390000
2023-01-12,11441.4502,11500.8604,11246.0195,11459.6104,11459.6104,5681240000
2023-01-13,11362.1299,11547.96,11347.5996,11541.4805,11541.4805,5077990000
2023-01-17,11531.54,11615.9502,11484.0195,11557.1904,11557.1904,5138410000
2023-01-18,11636.6104,11690.2695,11403.3096,11410.29,11410.29,5288630000
2023-01-19,11345.1904,11388.46,11251.9404,11295.6699,11295.6699,4660800000
2023-01-20,11363.8496,11623.2002,11329.54,11619.0303,11619.0303,5980110000
2023-01-23,11652.0,11918.8604,11617.8301,11872.54,11872.54,5997810000
2023-01-24,11802.9502,11889.3701,11780.0703,11846.6396,11846.6396,5670860000
2023-01-25,11636.0098,11841.8096,11550.0703,11814.6904,11814.6904,5485570000
2023-01-26,11972.5703,12055.8096,11853.3701,12051.4805,12051.4805,5732890000
2023-01-27,12000.21,12248.1504,11999.8701,12166.5996,12166.5996,6243800000
2023-01-30,12047.1602,12087.6797,11906.1104,11912.3896,11912.3896,5122320000
2023-01-31,11915.9404,12104.1299,11915.9404,12101.9297,12101.9297,5695150000
2023-02-01,12087.9199,12458.8701,12010.7305,12363.0996,12363.0996,6336040000
2023-02-02,12655.1797,12880.9805,12600.7598,12803.1396,12803.1396,7038210000
2023-02-03,12520.9502,12828.71,12520.9502,12573.3604,12573.3604,5954490000
2023-02-06,12468.7998,12558.8701,12411.8799,12464.5098,12464.5098,5538350000
2023-02-07,12474.9502,12771.5898,12419.71,12728.2695,12728.2695,5720240000
2023-02-08,12680.0303,12709.4502,12471.1201,12495.3799,12495.3799,5052870000
2023-02-09,12677.54,12679.54,12327.4404,12381.1699,12381.1699,5536290000
2023-02-10,12306.5898,12375.7197,12204.21,12304.9199,12304.9199,4885030000
2023-02-13,12356.5,12522.7803,12313.4502,12502.3096,12502.3096,4752880000
2023-02-14,12413.0996,12627.4004,12356.3203,12590.8896,12590.8896,5032430000
2023-02-15,12531.5996,12689.3398,12486.4199,12687.8896,12687.8896,5056640000
2023-02-16,12495.0703,12653.4004,12440.0,12442.4805,12442.4805,5159410000
2023-02-17,12352.2998,12385.5195,12233.79,12358.1797,12358.1797,4925230000
2023-02-21,12205.21,12257.0596,12058.2305,12060.2998,12060.2998,5002540000
2023-02-22,12085.6699,12156.21,12006.04,12066.2695,12066.2695,4671270000
2023-02-23,12224.4404,12227.4004,12003.3096,12180.1396,12180.1396,4714580000
2023-02-24,11979.7998,12018.3203,11900.8398,11969.6504,11969.6504,4432650000
2023-02-27,12106.79,12159.6396,12034.6104,12057.79,12057.79,4494000000
2023-02-28,12041.75,12146.5195,12021.3203,12042.1201,12042.1201,5340950000
2023-03-01,12026.7197,12054.4805,11906.5801,11938.5703,11938.5703,4927530000
2023-03-02,11830.0898,12074.5898,11830.0898,12044.8701,12044.8701,5313760000
2023-03-03,12110.71,12300.46,12095.2402,12290.8096,12290.8096,5102210000
2023-03-06,12344.6504,12466.8799,12297.5703,12302.4805,12302.4805,4982880000
2023-03-07,12303.1904,12344.04,12130.0098,12152.1699,12152.1699,5422820000
2023-03-08,12181.0596,12237.7197,12102.2803,12215.3301,12215.3301,5085970000
2023-03-09,12230.8398,12340.4502,11970.3398,11995.8799,11995.8799,5061790000
2023-03-10,12001.7002,12069.6201,11789.8604,11830.2803,11830.2803,6193500000
2023-03-13,11752.0996,12073.96,11695.4102,11923.1699,11923.1699,6201490000
2023-03-14,12078.46,12217.8701,12035.2197,12199.79,12199.79,5533120000
2023-03-15,12083.2402,12269.4502,12026.1797,12251.3203,12251.3203,5912430000
2023-03-16,12211.8701,12595.6904,12190.6504,12581.3896,12581.3896,5498920000
2023-03-17,12570.1602,12674.3398,12444.0801,12519.8799,12519.8799,7903090000
2023-03-20,12487.79,12578.3496,12407.8203,12562.6104,12562.6104,4970630000
2023-03-21,12643.3496,12762.4502,12582.7598,12741.4404,12741.4404,4829870000
2023-03-22,12742.4102,12943.6201,12563.7803,12567.1504,12567.1504,4981590000
2023-03-23,12735.5996,12900.0996,12611.6699,12729.2305,12729.2305,4917460000
2023-03-24,12700.5098,12770.2803,12608.1504,12767.0498,12767.0498,4363650000
2023-03-27,12797.9004,12839.4199,12647.9404,12673.0703,12673.0703,4330320000
2023-03-28,12654.9102,12654.9102,12517.8701,12610.5703,12610.5703,4036910000
2023-03-29,12768.1396,12867.3203,12734.6797,12846.0303,12846.0303,4493540000
2023-03-30,12934.9902,12987.9697,12894.1396,12963.1396,12963.1396,4738880000
2023-03-31,12968.96,13188.8301,12968.0,13181.3496,13181.3496,5521150000
2023-04-03,13084.0996,13157.4697,13036.5498,13148.3496,13148.3496,4816440000
2023-04-04,13165.3203,13204.0801,13049.9805,13100.0801,13100.0801,4298760000
2023-04-05,13056.79,13065.2803,12894.4404,12967.2002,12967.2002,4378590000
2023-04-06,12892.9004,13078.0996,12846.0303,13062.5996,13062.5996,3862800000
2023-04-10,12936.5195,13051.8496,12861.5195,13051.2305,13051.2305,4334070000
2023-04-11,13040.4902,13049.5596,12947.6602,12964.1504,12964.1504,4676960000
2023-04-12,13043.9697,13071.9805,12833.3096,12848.3496,12848.3496,4909770000
2023-04-13,12922.9004,13124.4102,12920.0195,13109.3896,13109.3896,4942990000
2023-04-14,13044.6904,13152.2803,12962.5098,13079.5195,13079.5195,4655740000
2023-04-17,13053.2598,13105.6797,12981.2598,13087.71,13087.71,4823180000
2023-04-18,13180.3096,13196.1797,13044.21,13091.79,13091.79,4851810000
2023-04-19,12992.5098,13128.25,12988.2002,13088.71,13088.71,4972700000
2023-04-20,12962.29,13107.9199,12933.7998,12985.9805,12985.9805,4590530000
2023-04-21,12970.3203,13030.8496,12899.6396,13000.7695,13000.7695,4868050000
2023-04-24,12981.71,13044.2197,12883.7695,12969.7598,12969.7598,4854050000
2023-04-25,12905.0898,12933.2803,12724.2402,12725.1104,12725.1104,4806020000
2023-04-26,12866.6396,12929.6201,12783.4199,12806.4805,12806.4805,5281970000
2023-04-27,12963.21,13175.6201,12938.5,13160.0303,13160.0303,5253710000
2023-04-28,13139.3496,13247.3896,13096.9404,13245.9902,13245.9902,5331380000
2023-05-01,13229.1104,13287.4697,13186.4004,13231.4697,13231.4697,5168430000
2023-05-02,13225.4805,13241.5303,13046.79,13113.6602,13113.6602,5501410000
2023-05-03,13123.0996,13231.71,13026.04,13030.21,13030.21,5782160000
2023-05-04,13014.0703,13064.0195,12938.4502,12982.4805,12982.4805,4745780000
2023-05-05,13070.7002,13291.1104,13059.9102,13259.1299,13259.1299,4574790000
2023-05-08,13247.0898,13302.4297,13193.0801,13291.6396,13291.6396,4216360000
2023-05-09,13228.6396,13254.8096,13193.8799,13201.1104,13201.1104,4126780000
2023-05-10,13308.4102,13384.4199,13204.79,13347.8301,13347.8301,4948260000
2023-05-11,13376.8496,13411.7002,13306.0801,13389.7803,13389.7803,4489490000
2023-05-12,13407.0195,13427.4199,13256.5596,13340.1797,13340.1797,4170000000
2023-05-15,13352.2598,13419.8096,13297.8496,13413.5098,13413.5098,3979290000
2023-05-16,13385.3701,13498.4404,13384.7695,13426.0098,13426.0098,4067510000
2023-05-17,13474.5195,13608.3301,13419.3496,13589.2598,13589.2598,4501820000
2023-05-18,13608.9502,13844.7598,13606.8096,13834.6201,13834.6201,4532890000
2023-05-19,13842.6904,13874.4199,13763.9004,13803.4902,13803.4902,3935780000
2023-05-22,13805.3301,13893.71,13792.9697,13849.7402,13849.7402,4278920000
2023-05-23,13773.6797,13827.0996,13662.9102,13672.54,13672.54,4347440000
2023-05-24,13589.0195,13655.7305,13520.9199,13604.4805,13604.4805,359790000
2023-05-25,13920.8896,13986.8701,13812.1797,13938.5303,13938.5303,4651640000
2023-05-26,13990.5498,14329.4902,13982.1602,14298.4102,14298.4102,4434070000
2023-05-30,14465.5898,14520.1699,14301.0801,14354.9902,14354.9902,4843470000
2023-05-31,14293.5596,14375.3799,14216.1602,14254.0898,14254.0898,5905760000
2023-06-01,14269.0898,14493.3096,14219.9404,14441.5098,14441.5098,4610310000
2023-06-02,14517.0801,14595.8096,14442.1504,14546.6396,14546.6396,4426760000
2023-06-05,14550.1299,14662.9502,14516.8799,14556.5,14556.5,4344280000
2023-06-06,14526.0996,14593.5,14476.9902,14558.0898,14558.0898,4810910000
2023-06-07,14573.2695,14647.9102,14283.8799,14303.29,14303.29,5270600000
2023-06-08,14319.2402,14503.3096,14314.6904,14484.54,14484.54,4280160000
2023-06-09,14574.2402,14672.8496,14487.4805,14528.3604,14528.3604,4412710000
2023-06-12,14617.3496,14789.5996,14571.3604,14784.2998,14784.2998,4722680000
2023-06-13,14911.2598,14931.8301,14770.1396,14900.8496,14900.8496,5522100000
2023-06-14,14894.0996,15017.0996,14784.6201,15005.6904,15005.6904,5772550000
2023-06-15,14949.7002,15246.6201,14930.1201,15185.4805,15185.4805,5667520000
2023-06-16,15272.6504,15284.6504,15073.4502,15083.9199,15083.9199,8076530000
2023-06-20,15036.4805,15127.4199,14946.7197,15070.1504,15070.1504,5237710000
2023-06-21,15019.0098,15038.9004,14826.0195,14867.4502,14867.4502,5194640000
2023-06-22,14797.8896,15044.2197,14794.9502,15042.3203,15042.3203,4499550000
2023-06-23,14879.2305,14983.7305,14821.8096,14891.4805,14891.4805,7734500000
2023-06-26,14866.6602,14982.8203,14687.0195,14689.0195,14689.0195,4430600000
2023-06-27,14751.5703,14972.3096,14726.75,14945.9102,14945.9102,5053660000
2023-06-28,14876.25,15051.0801,14865.8096,14964.5703,14964.5703,4533270000
2023-06-29,14965.5498,14986.8896,14876.9404,14939.9502,14939.9502,4388140000
2023-06-30,15085.2402,15213.75,15081.5703,15179.21,15179.21,4661120000
2023-07-03,15190.54,15232.96,15153.5996,15208.6904,15208.6904,2902300000
2023-07-05,15165.3604,15275.1797,15162.6602,15203.7803,15203.7803,5339340000
2023-07-06,15054.0996,15106.4502,14969.1396,15089.4502,15089.4502,6113080000
2023-07-07,15070.5,15210.6299,15032.5596,15036.8496,15036.8496,5098120000
2023-07-10,15031.9502,15066.4404,14924.6396,15045.6396,15045.6396,5275390000
2023-07-11,15068.1299,15135.29,14974.1602,15119.0596,15119.0596,4840950000
2023-07-12,15279.3496,15364.0898,15209.71,15307.2305,15307.2305,5230620000
2023-07-13,15432.4805,15602.7402,15420.71,15571.9805,15571.9805,5183560000
2023-07-14,15610.0,15720.0596,15531.0,15565.5996,15565.5996,5366890000
2023-07-17,15608.2803,15745.6699,15576.5098,15713.2803,15713.2803,4593160000
2023-07-18,15671.7197,15895.6797,15607.71,15841.3496,15841.3496,4824070000
2023-07-19,15888.1602,15932.0498,15781.96,15826.3496,15826.3496,5112420000
2023-07-20,15717.6699,15771.8398,15429.8701,15466.0898,15466.0898,5128020000
2023-07-21,15554.9502,15600.54,15410.5703,15425.6699,15425.6699,5254180000
2023-07-24,15475.1504,15504.6699,15374.6602,15448.0195,15448.0195,4083070000
2023-07-25,15483.0596,15622.6904,15482.04,15561.4199,15561.4199,3812470000
2023-07-26,15514.04,15571.1602,15411.9102,15499.2598,15499.2598,4322000000
2023-07-27,15734.0303,15795.5098,15416.0498,15464.9297,15464.9297,5115840000
2023-07-28,15630.1699,15788.4805,15617.75,15750.9297,15750.9297,4453520000
2023-07-31,15774.2998,15803.5498,15702.7402,15757.0,15757.0,4934440000
2023-08-01,15696.9805,15748.4297,15636.5703,15718.0098,15718.0098,4633770000
2023-08-02,15561.1504,15561.3604,15321.4404,15370.7402,15370.7402,5481960000
2023-08-03,15287.7695,15436.5898,15270.7197,15353.54,15353.54,6036970000
2023-08-04,15420.7402,15523.3096,15258.6904,15274.9199,15274.9199,5349450000
2023-08-07,15355.6201,15410.8496,15258.9199,15407.8496,15407.8496,4892330000
2023-08-08,15279.4102,15295.7998,15148.25,15273.0498,15273.0498,5284550000
2023-08-09,15286.9902,15288.7598,15077.9102,15101.71,15101.71,5591360000
2023-08-10,15217.29,15366.29,15072.4902,15128.8398,15128.8398,5299080000
2023-08-11,15010.5195,15102.5303,14973.6699,15028.0703,15028.0703,4638880000
2023-08-14,14988.4199,15206.2598,14972.0098,15205.5898,15205.5898,4272020000
2023-08-15,15172.0801,15192.8799,15014.3604,15037.6504,15037.6504,4473320000
2023-08-16,15021.6299,15077.0498,14874.0195,14876.4697,14876.4697,6243760000
2023-08-17,14943.3398,14949.5801,14698.29,14715.8096,14715.8096,5280180000
2023-08-18,14589.71,14744.5703,14557.8301,14694.8398,14694.8398,4801910000
2023-08-21,14762.0098,14958.8701,14739.3701,14936.6904,14936.6904,4363070000
2023-08-22,15035.0703,15037.79,14883.9805,14908.96,14908.96,4282430000
2023-08-23,14947.5801,15188.8604,14947.5801,15148.0596,15148.0596,4127850000
2023-08-24,15278.9297,15279.2402,14814.8301,14816.4404,14816.4404,4383820000
2023-08-25,14858.9297,15001.29,14715.3604,14941.8301,14941.8301,3970060000
2023-08-28,15035.4805,15086.2305,14948.9199,15052.46,15052.46,3666680000
2023-08-29,15043.0195,15391.5596,15034.54,15376.5498,15376.5498,4748180000
2023-08-30,15386.6699,15484.8301,15341.9404,15462.4297,15462.4297,4364600000
2023-08-31,15475.4297,15575.0098,15466.4102,15501.0703,15501.0703,4568610000
2023-09-01,15600.9502,15618.8496,15429.3604,15490.8604,15490.8604,4033960000
2023-09-05,15460.5195,15556.8496,15419.96,15508.2402,15508.2402,4379790000
2023-09-06,15467.3203,15487.0,15289.4805,15371.4404,15371.4404,4215320000
2023-09-07,15174.2197,15288.2002,15138.7305,15258.5195,15258.5195,4320830000
2023-09-08,15265.5703,15374.2197,15244.0596,15280.2305,15280.2305,4160360000
2023-09-11,15409.7695,15482.8398,15328.3496,15461.8701,15461.8701,4538870000
2023-09-12,15390.5898,15447.8496,15278.8799,15289.7402,15289.7402,4595490000
2023-09-13,15293.2695,15414.6104,15256.5996,15348.5303,15348.5303,4840310000
2023-09-14,15433.0098,15512.8203,15337.1797,15473.8896,15473.8896,4649010000
2023-09-15,15425.9502,15435.4502,15173.71,15202.4004,15202.4004,8162210000
2023-09-18,15161.1699,15268.96,15155.46,15225.3701,15225.3701,4855880000
2023-09-19,15152.5303,15219.9199,15069.4102,15191.2305,15191.2305,4453460000
2023-09-20,15225.3398,15245.1904,14967.5996,14969.9199,14969.9199,4782440000
2023-09-21,14813.4902,14849.25,14691.6904,14694.2402,14694.2402,5014890000
2023-09-22,14756.6201,14855.9199,14686.8398,14701.0996,14701.0996,4302700000
2023-09-25,14662.6904,14771.1201,14615.4502,14768.9004,14768.9004,4100290000
2023-09-26,14668.4502,14678.4805,14505.6797,14545.8301,14545.8301,4693540000
2023-09-27,14600.1396,14657.21,14432.5996,14580.1602,14580.1602,4841410000
2023-09-28,14530.96,14787.5801,14510.1699,14702.7695,14702.7695,4648390000
2023-09-29,14853.3496,14901.8496,14664.7803,14715.2402,14715.2402,5138500000
2023-10-02,14717.9004,14892.1797,14701.5195,14837.5703,14837.5703,4554700000
2023-10-03,14744.0498,14819.8701,14504.1396,14565.6201,14565.6201,4684310000
2023-10-04,14613.2305,14803.04,14592.5596,14776.25,14776.25,4308070000
2023-10-05,14769.5498,14784.6904,14584.3896,14723.2197,14723.2197,4167470000
2023-10-06,14622.2305,15021.3799,14575.9502,14973.2402,14973.2402,4309420000
2023-10-09,14871.5703,15070.6396,14816.3203,15047.1504,15047.1504,3835930000
2023-10-10,15074.04,15241.9404,15050.54,15131.5195,15131.5195,4301350000
2023-10-11,15194.5303,15248.2197,15119.6201,15241.1201,15241.1201,4160440000
2023-10-12,15264.1104,15333.9805,15090.6904,15184.0996,15184.0996,4858620000
2023-10-13,15225.7305,15232.3701,14943.4199,14995.1201,14995.1201,4251550000
2023-10-16,15054.4805,15209.5,15047.2695,15172.7305,15172.7305,4308690000
2023-10-17,15009.2598,15187.0596,14932.7695,15122.0098,15122.0098,4417640000
2023-10-18,15022.2803,15103.8701,14865.8096,14909.2598,14909.2598,4617140000
2023-10-19,14981.1299,15023.9102,14749.2998,14783.1299,14783.1299,5014790000
2023-10-20,14752.5898,14781.2197,14552.1201,14560.8799,14560.8799,4622840000
2023-10-23,14514.1104,14746.3701,14419.0596,14604.8496,14604.8496,4669060000
2023-10-24,14678.4102,14774.1602,14610.3301,14745.8604,14745.8604,4604720000
2023-10-25,14642.0801,14643.6904,14362.2402,14381.6396,14381.6396,4599850000
2023-10-26,14314.0098,14372.5098,14058.3301,14109.5703,14109.5703,4894900000
2023-10-27,14245.75,14321.04,14130.3701,14180.4199,14180.4199,4172100000
2023-10-30,14283.9805,14388.2002,14225.8604,14335.5098,14335.5098,4149320000
2023-10-31,14340.8604,14420.4404,14232.4004,14409.7803,14409.7803,4315630000
2023-11-01,14453.6797,14677.8604,14441.8896,14664.9102,14664.9102,4545120000
2023-11-02,14856.9502,14930.7598,14792.8096,14919.5498,14919.5498,4962950000
2023-11-03,14985.1201,15149.7803,14965.29,15099.4902,15099.4902,4918750000
2023-11-06,15137.1602,15180.1904,15064.9102,15154.9297,15154.9297,4345850000
2023-11-07,15201.7695,15335.4404,15153.3096,15296.0195,15296.0195,4354460000
2023-11-08,15313.9004,15343.1904,15220.8799,15313.2402,15313.2402,4685550000
2023-11-09,15351.1201,15382.1104,15171.3203,15187.9004,15187.9004,5313970000
2023-11-10,15252.3604,15535.2002,15237.1699,15529.1201,15529.1201,4722140000
2023-11-13,15469.21,15524.6602,15404.71,15482.79,15482.79,4349590000
2023-11-14,15744.3604,15850.3398,15726.1201,15812.4697,15812.4697,5332490000
2023-11-15,15881.7197,15904.6299,15765.3096,15817.1797,15817.1797,5063830000
2023-11-16,15765.2002,15842.6299,15738.2197,15833.1699,15833.1699,4545180000
2023-11-17,15803.9805,15876.8701,15766.9404,15837.9902,15837.9902,4408640000
2023-11-20,15845.2002,16056.7598,15844.8301,16027.0596,16027.0596,4561810000
2023-11-21,15951.5498,15968.0898,15866.8203,15933.6201,15933.6201,4128600000
2023-11-22,16025.7402,16119.3096,15964.04,16001.3896,16001.3896,3855240000
2023-11-24,15974.8496,16007.4297,15940.6201,15982.0098,15982.0098,2541840000
2023-11-27,15969.7197,16045.2998,15932.1904,15961.9805,15961.9805,4205880000
2023-11-28,15940.29,16031.5195,15921.0703,16010.4297,16010.4297,4474400000
2023-11-29,16111.3604,16166.5098,15976.6904,15987.5996,15987.5996,4890220000
2023-11-30,15987.6602,16013.4805,15825.6699,15947.8701,15947.8701,5678070000
2023-12-01,15892.5898,16013.75,15834.9297,15997.5801,15997.5801,5607000000
2023-12-04,15837.1201,15852.4502,15695.5801,15839.6699,15839.6699,6270020000
2023-12-05,15763.6504,15931.8398,15760.5898,15877.71,15877.71,6179120000
2023-12-06,15990.2002,15990.9404,15776.9502,15788.0498,15788.0498,5167030000
2023-12-07,15888.2305,16042.5098,15875.4805,16022.4902,16022.4902,5694310000
2023-12-08,15952.8496,16100.8604,15937.5801,16084.6904,16084.6904,5430840000
2023-12-11,16069.6201,16232.2598,16061.8701,16221.7305,16221.7305,5607820000
2023-12-12,16209.6104,16354.25,16175.46,16354.25,16354.25,4950100000
2023-12-13,16392.1797,16581.0391,16357.21,16562.3691,16562.3691,6732040000
2023-12-14,16603.5391,16660.7109,16419.2598,16537.8301,16537.8301,8033170000
2023-12-15,16587.0,16669.7695,16557.0098,16623.4492,16623.4492,8377630000
2023-12-18,16631.1094,16764.3203,16629.2891,16729.8008,16729.8008,5866080000
2023-12-19,16734.25,16813.0098,16733.3809,16811.8496,16811.8496,5757180000
2023-12-20,16763.6406,16860.6797,16552.0605,16554.1602,16554.1602,6294700000
2023-12-21,16719.6094,16768.0195,16621.5195,16757.4102,16757.4102,5465640000
2023-12-22,16799.0195,16839.25,16703.5703,16777.4004,16777.4004,4796600000
2023-12-26,16816.7793,16907.5098,16813.5703,16878.4609,16878.4609,6120600000
2023-12-27,16896.1406,16922.0098,16859.5508,16906.8008,16906.8008,7480170000
2023-12-28,16963.5195,16969.1699,16891.3203,16898.4707,16898.4707,5090570000
2023-12-29,16902.4395,16919.5098,16757.8906,16825.9297,16825.9297,5441060000
2024-01-02,16667.3008,16686.5996,16453.1504,16543.9395,16543.9395,5791170000
2024-01-03,16413.2598,16471.0801,16352.1396,16368.4902,16368.4902,5449950000
2024-01-04,16290.7803,16419.4395,16276.4297,16282.0098,16282.0098,5289220000
2024-01-05,16281.7402,16415.3906,16249.1904,16305.9805,16305.9805,5232820000
2024-01-08,16354.2197,16655.2305,16349.3896,16649.8691,16649.8691,6337770000
2024-01-09,16531.9609,16710.8809,16513.7305,16678.6992,16678.6992,5068410000
2024-01-10,16702.5508,16827.3691,16654.7402,16793.0508,16793.0508,4404590000
2024-01-11,16852.1895,16898.1602,16618.8594,16820.9004,16820.9004,5044690000
2024-01-12,16855.0,16900.3691,16776.9199,16832.9199,16832.9199,4958940000
2024-01-16,16775.0996,16895.3301,16726.5898,16830.7109,16830.7109,6386180000
2024-01-17,16705.5098,16749.1094,16561.4902,16736.2793,16736.2793,5181740000
2024-01-18,16894.3301,16996.9805,16818.1309,16982.2891,16982.2891,5587440000
2024-01-19,17060.1406,17317.2109,17041.8496,17314.0,17314.0,5604950000
2024-01-22,17403.6191,17450.3008,17309.8691,17330.3809,17330.3809,5456240000
2024-01-23,17346.9492,17410.8594,17286.0195,17404.2109,17404.2109,5207680000
2024-01-24,17562.3203,17665.2598,17481.9707,17499.3008,17499.3008,4983210000
2024-01-25,17589.2695,17631.3398,17430.3691,17516.9902,17516.9902,5281570000
2024-01-26,17432.8691,17514.7598,17395.5391,17421.0098,17421.0098,4510530000
2024-01-29,17438.0293,17603.9492,17414.6191,17596.2695,17596.2695,4979310000
2024-01-30,17556.4902,17578.4609,17443.7695,17476.7109,17476.7109,4719240000
2024-01-31,17269.9805,17375.3203,17128.7402,17137.2402,17137.2402,5875610000
2024-02-01,17216.9902,17356.7598,17175.8301,17344.7109,17344.7109,5046920000
2024-02-02,17415.9395,17682.2891,17378.3691,17642.7305,17642.7305,4800690000
2024-02-05,17634.6895,17655.7695,17469.6191,17613.0391,17613.0391,4831020000
2024-02-06,17664.4395,17680.6191,17475.4297,17572.7305,17572.7305,4759640000
2024-02-07,17674.5898,17784.1699,17637.7305,17755.0703,17755.0703,4567580000
2024-02-08,17757.5996,17814.1191,17728.5508,17783.1699,17783.1699,5675850000
2024-02-09,17820.9805,17987.9004,17798.8105,17962.4102,17962.4102,5797260000
2024-02-12,17942.2793,18041.4492,17859.6602,17882.6602,17882.6602,5458490000
2024-02-13,17519.8008,17717.6699,17478.2305,17600.4199,17600.4199,5599860000
2024-02-14,17728.9004,17815.1797,17619.9199,17807.6309,17807.6309,5092660000
2024-02-15,17815.3203,17864.5898,17722.3105,17845.7207,17845.7207,6049100000
2024-02-16,17853.5898,17864.1602,17663.4004,17685.9805,17685.9805,5223800000
2024-02-20,17591.1699,17657.0801,17399.4102,17546.0996,17546.0996,5595700000
2024-02-21,17412.7891,17482.1309,17319.4395,17478.9102,17478.9102,4845740000
2024-02-22,17857.7598,18034.8008,17808.2598,18004.6992,18004.6992,5653930000
2024-02-23,18052.5898,18091.6191,17902.7793,17937.6094,17937.6094,5077910000
2024-02-26,17970.2109,18014.1094,17926.6602,17933.3301,17933.3301,5417630000
2024-02-27,17962.5801,17987.5391,17871.0605,17971.0508,17971.0508,5423020000
2024-02-28,17895.0293,17931.0098,17840.3594,17874.5,17874.5,5581690000
2024-02-29,17991.6699,18068.5195,17866.2598,18043.8496,18043.8496,6265340000
2024-03-01,18069.2891,18333.2598,18064.4395,18302.9102,18302.9102,5457910000
2024-03-04,18290.0996,18313.4297,18218.25,18226.4805,18226.4805,5725470000
2024-03-05,18088.7109,18097.5,17804.5,17897.8691,17897.8691,6356800000
2024-03-06,18083.5098,18142.8809,17941.6406,18017.5703,18017.5703,5511370000
2024-03-07,18161.7305,18337.9492,18101.4297,18297.9902,18297.9902,5072790000
2024-03-08,18312.7891,18416.7305,17995.3809,18018.4492,18018.4492,5411790000
2024-03-11,17959.6797,18003.0508,17873.3301,17951.6895,17951.6895,4917620000
2024-03-12,18063.0195,18228.3691,17919.3301,18219.1094,18219.1094,5100330000
2024-03-13,18151.7598,18163.7402,18030.4004,18068.4707,18068.4707,4839000000
2024-03-14,18114.6895,18142.9004,17913.6309,18014.8105,18014.8105,5450980000
2024-03-15,17926.9199,17930.4707,17764.9902,17808.25,17808.25,8261950000
2024-03-18,18024.2402,18124.3203,17973.0898,17985.0098,17985.0098,5025040000
2024-03-19,17902.5195,18039.8203,17809.1504,18032.1992,18032.1992,4758740000
2024-03-20,18067.6992,18249.1191,18003.2402,18240.1094,18240.1094,5298380000
2024-03-21,18438.2402,18464.6992,18317.0996,18320.3809,18320.3809,5134740000
2024-03-22,18293.1504,18386.25,18267.4902,18339.4395,18339.4395,4339930000
2024-03-25,18215.5391,18337.3496,18189.2793,18277.0605,18277.0605,4636940000
2024-03-26,18329.2891,18378.6992,18207.8809,18210.5391,18210.5391,5144260000
2024-03-27,18338.1895,18344.0898,18168.1992,18280.8398,18280.8398,4768930000
2024-03-28,18263.4102,18308.3203,18231.3809,18254.6895,18254.6895,5174450000
2024-04-01,18280.8203,18391.5801,18211.2793,18293.1992,18293.1992,4798390000
2024-04-02,18076.4297,18135.5703,18002.2695,18121.7793,18121.7793,4710280000
2024-04-03,18054.4395,18238.6699,18045.4199,18160.1895,18160.1895,5151500000
2024-04-04,18331.0195,18362.2891,17875.75,17878.7793,17878.7793,5368700000
2024-04-05,17940.2793,18202.9609,17912.8594,18108.4609,18108.4609,4578130000
2024-04-08,18130.4395,18178.6602,18050.6895,18100.1895,18100.1895,4386700000
2024-04-09,18188.8691,18210.0195,17973.0703,18169.9004,18169.9004,4869190000
2024-04-10,17957.9609,18040.8301,17932.4199,18011.6602,18011.6602,5308250000
2024-04-11,18085.1094,18337.1504,17998.25,18307.9805,18307.9805,4714750000
2024-04-12,18117.6699,18166.4902,17952.0898,18003.4902,18003.4902,4552740000
2024-04-15,18143.25,18152.0801,17676.3496,17706.8301,17706.8301,4910550000
2024-04-16,17691.4492,17817.7305,17660.8906,17713.6602,17713.6602,5001860000
2024-04-17,17785.8203,17788.5391,17459.5703,17493.6191,17493.6191,4991470000
2024-04-18,17514.7695,17590.8105,17376.4902,17394.3105,17394.3105,4932540000
2024-04-19,17334.7109,17362.2793,16973.9395,17037.6504,17037.6504,5316010000
2024-04-22,17161.1094,17305.1504,17010.25,17210.8906,17210.8906,4616730000
2024-04-23,17297.2402,17513.3105,17277.25,17471.4707,17471.4707,4951670000
2024-04-24,17613.6602,17653.6602,17435.3301,17526.8008,17526.8008,4735870000
2024-04-25,17205.2793,17474.4609,17172.4199,17430.5,17430.5,4743640000
2024-04-26,17566.2207,17772.7793,17533.0801,17718.3008,17718.3008,4694400000
2024-04-29,17801.1406,17820.0,17671.0293,17782.7207,17782.7207,4972520000
2024-04-30,17720.3496,17768.8691,17440.6895,17440.6895,17440.6895,5229400000
2024-05-01,17382.7793,17667.8594,17284.3691,17318.5508,17318.5508,5277790000
2024-05-02,17474.9199,17575.8008,17290.6406,17541.5391,17541.5391,4901610000
2024-05-03,17848.6602,17926.9805,17784.7793,17890.8008,17890.8008,4887310000
2024-05-06,17950.9805,18094.4609,17937.2793,18093.5703,18093.5703,4460130000
2024-05-07,18106.3301,18156.3203,18061.6094,18091.4492,18091.4492,5041870000
2024-05-08,17987.6992,18135.3398,17987.6992,18085.0098,18085.0098,4530190000
2024-05-09,18095.8008,18138.0195,18012.6191,18113.4609,18113.4609,4505120000
2024-05-10,18171.1504,18247.6094,18099.7305,18161.1797,18161.1797,4402110000
2024-05-13,18228.4004,18233.5,18147.5703,18198.6094,18198.6094,4452750000
2024-05-14,18187.5098,18339.5801,18175.3008,18322.7695,18322.7695,7270240000
2024-05-15,18412.8105,18607.5293,18359.3203,18596.6504,18596.6504,8538990000
2024-05-16,18589.9805,18669.5,18553.3008,18557.9609,18557.9609,11932600000
2024-05-17,18571.8203,18590.3691,18462.25,18546.2305,18546.2305,9587280000
2024-05-20,18559.2207,18703.8301,18549.8398,18674.1895,18674.1895,6861320000
2024-05-21,18603.9902,18721.1797,18589.9102,18713.8008,18713.8008,6245090000
2024-05-22,18733.5391,18756.6895,18606.1602,18705.1992,18705.1992,7277340000
2024-05-23,18907.1406,18907.5391,18554.8906,18623.3906,18623.3906,7752800000
2024-05-24,18669.3594,18851.9902,18664.7891,18808.3496,18808.3496,5836040000
2024-05-28,18855.1504,18875.1992,18755.9395,18869.4395,18869.4395,6293380000
2024-05-29,18708.0703,18814.8203,18706.6191,18736.75,18736.75,6652480000
2024-05-30,18683.25,18705.2598,18487.7598,18538.6602,18538.6602,6659290000
2024-05-31,18550.8008,18574.5605,18189.7793,18536.6504,18536.6504,6674090000
2024-06-03,18666.7207,18707.2207,18392.5703,18600.9707,18600.9707,5422040000
2024-06-04,18598.0,18697.9492,18521.8496,18654.8398,18654.8398,4917350000
2024-06-05,18791.2793,19035.8691,18768.25,19035.0508,19035.0508,5325000000
2024-06-06,19053.0098,19071.7891,18978.8594,19021.1895,19021.1895,4960580000
2024-06-07,18992.5801,19113.8809,18958.6797,19000.9492,19000.9492,4755650000
2024-06-10,18945.3105,19089.8301,18940.7109,19074.6699,19074.6699,5207110000
2024-06-11,19031.4004,19212.6309,18966.5605,19210.1797,19210.1797,5009220000
2024-06-12,19358.2598,19556.9004,19347.2793,19465.1797,19465.1797,5560630000
2024-06-13,19609.0508,19639.4492,19473.7109,19576.9199,19576.9199,4916020000
2024-06-14,19557.2207,19664.5898,19534.6191,19659.8008,19659.8008,4973820000
2024-06-17,19681.8594,19977.8398,19623.7109,19902.75,19902.75,6061200000
2024-06-18,19904.4297,19940.5,19837.8594,19908.8594,19908.8594,5796180000
2024-06-20,19962.9707,19979.9297,19685.0293,19752.3008,19752.3008,6289300000
2024-06-21,19722.3691,19801.9707,19643.5195,19700.4297,19700.4297,8589160000
2024-06-24,19648.2305,19723.1992,19472.5293,19474.6191,19474.6191,5503210000
2024-06-25,19555.8398,19712.4199,19523.5098,19701.1309,19701.1309,4848280000
2024-06-26,19671.0703,19763.5508,19654.1797,19751.0508,19751.0508,5294310000
2024-06-27,19740.5195,19850.8105,19701.3398,19789.0293,19789.0293,5382060000
2024-06-28,19817.0,20017.7109,19665.8496,19682.8691,19682.8691,8960940000
2024-07-01,19720.1094,19827.75,19577.5391,19812.2207,19812.2207,5189990000
2024-07-02,19746.2207,20014.9199,19741.8105,20011.8906,20011.8906,4526550000
2024-07-03,19995.2793,20186.6309,19995.2793,20186.6309,20186.6309,3713960000
2024-07-05,20224.1309,20407.0,20201.5,20391.9707,20391.9707,4851000000
2024-07-08,20393.8906,20455.3809,20363.3691,20439.5391,20439.5391,5286260000
2024-07-09,20504.1699,20543.9004,20395.5703,20453.0195,20453.0195,4839140000
2024-07-10,20533.2695,20690.9707,20479.9395,20675.3809,20675.3809,5228240000
