datetime,open,high,low,close,volume,timestamp,gmtoffset
2021-06-14,107.32318770776124,107.48555972286456,106.28759275184275,106.94449999999999,1274841.010430644,1623628800,0
2021-06-15,106.93679585119524,107.13000390903147,105.79300414880476,106.3649,1833884.4350908992,1623715200,0
2021-06-16,106.66633958840453,106.84409105996903,104.34011380836469,104.7729,2376204.4627952455,1623801600,0
2021-06-17,104.53332437736971,105.15939598817931,103.77602580752361,103.9537,1470208.6096983561,1623888000,0
2021-06-18,103.03795924001876,104.3780370463918,102.64053267662872,102.7186,2491114.907003211,1623974400,0
2021-06-21,102.85099632834248,103.83268146866301,102.39910951771876,103.5522,1451415.6744134843,1624233600,0
2021-06-22,103.55227426944971,103.58343889943073,102.53942379506643,102.6485,1170904.3239794055,1624320000,0
2021-06-23,102.648447265625,102.648447265625,101.51093885569851,101.7213,1532552.2737125854,1624406400,0
2021-06-24,101.72130808569456,101.95504270905323,100.77078728403595,101.4642,1248723.855310543,1624492800,0
2021-06-25,101.28500135979382,102.31343368129326,100.94998173991142,102.2744,1606299.9241325299,1624579200,0
2021-06-28,102.49263590519085,102.83552487022902,101.7058066259542,102.0642,1690451.6764938147,1624838400,0
2021-06-29,101.6277814906313,102.05637274023265,100.59934947922659,100.8877,2004444.3746789752,1624924800,0
2021-06-30,100.8877751800926,101.37854018518519,100.39685435185186,100.9734,1974430.6520331097,1625011200,0
2021-07-01,101.89073301751877,102.69633809438686,101.2132923846979,102.4217,2944966.5451754853,1625097600,0
2021-07-02,102.21120851977807,102.52246522283873,101.28659301950958,102.2936,1617764.3567143984,1625184000,0
2021-07-06,103.1723841495993,103.61180512911845,101.82665739982191,102.8062,2210800.2241109973,1625529600,0
2021-07-07,102.440050982801,104.37167303439804,102.30273187960688,104.3259,2048258.3519528706,1625616000,0
2021-07-08,103.8132674428784,105.13153115643875,103.44708307800052,104.5731,1879708.8735057106,1625702400,0
2021-07-09,104.97592120242214,105.90053688581315,104.43579916955017,105.8273,1231619.8183266511,1625788800,0
2021-07-12,105.47934093103449,106.33987365517241,105.131466,106.1934,1253686.198953984,1626048000,0
2021-07-13,106.38565312445604,106.57789980852915,105.01246252393385,105.1864,911453.9522219603,1626134400,0
2021-07-14,105.27794604003482,106.01031436031332,104.87514346388164,105.1864,1489742.2100195463,1626220800,0
2021-07-15,105.06743003713619,106.32161126176699,105.06743003713619,106.0012,2122756.2235144507,1626307200,0
2021-07-16,106.01952846646734,107.43849288338318,105.83643628363947,107.1547,1015117.0690599665,1626393600,0
2021-07-19,106.69697146619842,107.2737118525022,102.99850930640913,104.271,1503504.9054866645,1626652800,0
2021-07-20,104.49984236135033,106.53216518256976,104.38998707371684,106.3033,1242652.9750252345,1626739200,0
2021-07-21,106.7152548852573,107.29199513212795,105.27798157162725,105.3146,1085027.451084655,1626825600,0
2021-07-22,105.30541907207521,105.75399470752089,105.1040177663649,105.1681,743669.4587046833,1626912000,0
2021-07-23,105.25050971124097,106.74271055345478,104.94840770024062,106.523,1238939.1211287705,1626998400,0
2021-07-26,106.28500138073869,106.59625806006214,105.04912927166035,106.0836,1339871.648398056,1627257600,0
2021-07-27,106.28500185341196,109.18701267059814,105.69910692502106,108.6652,1883969.2008112993,1627344000,0
2021-07-28,108.54620564194069,108.68352478545332,106.15685254482113,107.7406,1067331.1546436534,1627430400,0
2021-07-29,108.07931773469907,108.83915030898164,107.50257734699062,108.1434,1074431.4308593958,1627516800,0
2021-07-30,107.94202206784863,108.62861791680874,107.0631793811797,107.4019,702378.2633268125,1627603200,0
2021-08-02,107.85960139455781,108.65605236394558,107.36525251700681,107.6582,1009764.6068762064,1627862400,0
2021-08-03,107.82298867349532,108.39057445187507,107.30117594175908,108.1434,860550.1029189021,1627948800,0
2021-08-04,107.65816249257152,107.96026447915783,106.5596098140759,107.8321,795665.0756129205,1628035200,0
2021-08-05,108.35390332690858,109.27851841950894,107.9511007123104,109.2419,717016.1998280879,1628121600,0
2021-08-06,109.40671774544239,110.44118842615822,108.72927676869041,109.4708,800908.1508493589,1628208000,0
2021-08-09,109.23273297748122,109.91932826522101,109.05879550458715,109.7637,876717.3482672323,1628467200,0
2021-08-10,109.77290852499999,110.60597788333332,109.278559675,109.8553,880649.3632988122,1628553600,0
2021-08-11,110.01094539024795,110.83486026793142,109.8553170244633,110.0201,1084371.7284387127,1628640000,0
2021-08-12,110.34962175906628,110.59679612338473,109.72710854522717,109.8095,537106.6710985844,1628726400,0
2021-08-13,110.00173552784705,110.52354802161264,109.7728703990025,110.1299,1079347.4796581129,1628812800,0
2021-08-16,110.42288571666667,111.41158341666666,109.80037234999999,109.8553,946190.1246457841,1629072000,0
2021-08-17,109.5257412018951,110.2123368714155,108.88491857700939,110.1391,842526.4324840135,1629158400,0
2021-08-18,110.1208191693025,110.2672929498918,109.3243679873481,109.9835,887203.1532002528,1629244800,0
2021-08-19,109.99259078805026,111.03621586918533,109.73626182075394,110.0109,1023637.7213530659,1629331200,0
2021-08-20,109.79123547909121,111.54892056305565,109.0405574744814,111.2102,1422889.6989664617,1629417600,0
2021-08-23,111.56723191910855,111.57638652909615,110.63346170037144,110.9081,1000151.837422154,1629676800,0
2021-08-24,111.04542343762968,111.04542343762968,109.35182052452485,110.3039,725863.7727224514,1629763200,0
2021-08-25,110.15734284649776,110.88055651597946,109.79115871005133,110.5693,814890.570890835,1629849600,0
2021-08-26,110.5693836998921,110.65177519296208,109.88278792430907,110.3039,577086.2770944636,1629936000,0
2021-08-27,110.56015525072523,111.12774071280563,110.26720791545793,110.4503,566927.83994249,1630022400,0
2021-08-30,110.45036524086379,110.87147728405316,109.94686171096345,110.2215,863062.4696633597,1630281600,0
2021-08-31,110.22142762173841,110.67915780289181,109.39751329566229,110.1665,977322.489141436,1630368000,0
2021-09-01,109.26026880613,111.36582907637802,109.07717660871715,111.1095,983220.4896971007,1630454400,0
2021-09-02,111.3200058953574,111.81435460574798,110.89889403095063,111.8052,1042753.807515214,1630540800,0
2021-09-03,111.47567008695651,111.76861756521738,110.51443617391304,110.5419,688833.3744941964,1630627200,0
2021-09-07,109.93772349094567,109.97434193494298,108.75677867203218,109.1962,981254.146206553,1630972800,0
2021-09-08,109.1045603230858,111.49391174482817,108.71091238770296,111.0728,1550039.8837519176,1631059200,0
2021-09-09,111.19186004810483,111.21932386995107,110.3404815708717,110.3771,847442.1415311691,1631145600,0
2021-09-10,110.37712975498863,110.45036663298814,108.69268156100026,108.7293,715268.064817855,1631232000,0
2021-09-13,109.70877411266413,109.70877411266413,107.92362633629818,108.0701,904462.93655692,1631491200,0
2021-09-14,108.44547916879576,108.6560351388179,107.29199863737011,107.4934,846786.7236500102,1631577600,0
2021-09-15,107.31025650239562,107.76798665297741,106.6694342915811,106.999,1284053.495827064,1631664000,0
2021-09-16,107.20048792106158,108.44551493705342,106.56881980265396,107.6216,1848904.457841177,1631750400,0
2021-09-17,108.64953320175438,109.20269162280702,105.05400346491228,105.1001,3771541.6065255883,1631836800,0
2021-09-20,103.75401711577284,105.57943877819713,103.70792060914596,105.0355,1890056.4571025989,1632096000,0
2021-09-21,105.7915450255777,105.7915450255777,103.87392922032105,104.5285,1802196.243129864,1632182400,0
2021-09-22,105.00790346643265,105.59793909609479,104.15972724879333,105.054,841928.8175604927,1632268800,0
2021-09-23,105.69933749450551,105.98513596483517,104.68521389010989,104.8696,588222.182596291,1632355200,0
2021-09-24,104.73128766159529,105.3489809955149,104.36251552194179,104.8327,827936.7315732591,1632441600,0
2021-09-27,105.07244509769095,105.98515651865009,103.5696980106572,103.8094,739318.0193701148,1632700800,0
2021-09-28,103.59731453827514,103.90155155703131,101.91940128331687,102.7307,1097805.2617182597,1632787200,0
2021-09-29,102.86900769026784,104.83271970299656,102.66618297533812,104.298,1039449.2607720186,1632873600,0
2021-09-30,104.72213007788024,104.77744593142961,102.94280345537554,102.9889,1738525.103190732,1632960000,0
2021-10-01,103.93846583684069,104.02143959881795,102.7583945553864,102.952,778800.411842412,1633046400,0
2021-10-04,102.5832404035041,104.62992678524023,102.57402109547827,104.1874,1096720.0544403642,1633305600,0
2021-10-05,104.59304354512699,105.65326390719746,103.72642864047808,104.9065,1167441.2643639813,1633392000,0
2021-10-06,104.45477671755724,106.38161240458015,103.64347748091603,106.2802,919917.0494598242,1633478400,0
2021-10-07,106.58436166347992,107.55238847557796,105.74540509299496,106.0773,1212673.02240913,1633564800,0
2021-10-08,105.96666350652764,106.29855839831771,105.07239115920441,105.2199,713069.1247568189,1633651200,0
2021-10-11,105.28445742309407,105.28445742309407,102.85978033883191,103.3945,817198.3035848136,1633910400,0
2021-10-12,103.39454494680851,104.25194063829787,103.11796569148936,103.9938,883146.4952718335,1633996800,0
2021-10-13,104.09515384750372,105.25678606650874,103.33917097481795,105.0724,801145.1342122194,1634083200,0
2021-10-14,105.33053645923866,106.10495790891709,105.03551876412307,106.0773,757541.000760766,1634169600,0
2021-10-15,106.2248475139082,106.61205837969402,105.7270049721836,106.0589,943563.3973197913,1634256000,0
2021-10-18,105.30288447805822,105.70853383167707,104.70362975112127,104.8327,606987.2854557786,1634515200,0
2021-10-19,105.51496138726304,105.91139156110772,104.87882924783787,105.5334,608614.116478764,1634601600,0
2021-10-20,105.59790475448169,107.10065126006755,105.55180823590543,106.4553,928486.6042367078,1634688000,0
2021-10-21,106.51987029462738,106.76879157712305,106.12344010398613,106.3908,855378.8485470548,1634774400,0
2021-10-22,106.76873326724137,107.55237391379309,106.6304437413793,106.9439,1024047.1873571097,1634860800,0
2021-10-25,106.7964668568958,107.66308183311716,106.16955389537397,106.6213,1113424.100062558,1635120000,0
2021-10-26,106.68584490848157,108.13327643722609,106.58443250837844,107.2851,835095.1157243643,1635206400,0
2021-10-27,106.19714442980145,107.02688164645934,104.9341,104.9341,1286539.8569197238,1635292800,0
2021-10-28,105.05401184337033,105.70858269382046,104.85118707280833,105.4781,595706.3314564824,1635379200,0
2021-10-29,105.19224772827525,105.84681824437583,103.84622948389942,104.5008,826635.1549461823,1635465600,0
2021-11-01,104.6022459945118,104.68521974860582,103.4590520492166,104.1505,804182.0058473075,1635724800,0
2021-11-02,104.38097026883624,104.55613706225682,103.03495175097278,104.2519,700812.0523462881,1635811200,0
2021-11-03,103.82786418859261,105.10934821649302,103.44987249690975,104.4179,966992.1536441549,1635897600,0
2021-11-04,104.47314557319221,104.72206676366842,103.80013642857142,104.5469,789972.9212439585,1635984000,0
2021-11-05,105.1830227898011,105.8744704810304,104.63908393936738,105.2199,567721.9043165789,1636070400,0
2021-11-08,105.35826528977121,105.44123907237605,103.28392072465059,103.5605,797348.245711444,1636329600,0
2021-11-09,103.51437525333334,104.17816533333334,103.11794506666666,103.7172,772075.4127569969,1636416000,0
2021-11-10,103.71720641512769,104.68523367500221,103.5420395776266,104.3349,1129260.554234489,1636502400,0
2021-11-11,104.16896541914836,104.35335158680772,102.96123602097965,103.708,818716.5117445134,1636588800,0
2021-11-12,103.68026507681314,103.68026507681314,102.9703788585209,103.2193,510884.68920056615,1636675200,0
2021-11-15,103.82778047703181,104.50078953180211,103.16399072438163,104.3625,1756315.1515151516,1636934400,0
2021-11-16,104.40858786239914,104.91564943700682,103.91996489050447,103.9845,1379063.2834701326,1637020800,0
2021-11-17,103.8555069179601,104.29803371175166,103.20093603547672,103.9477,1374615.0708481283,1637107200,0
2021-11-18,103.92920594361647,104.1504692224816,102.36192438498834,102.6846,1386330.3552820967,1637193600,0
2021-11-19,102.79521766504767,102.79521766504767,101.57826979672603,102.5002,1802305.6345255913,1637280000,0
2021-11-22,102.47254489109262,104.67595813706393,102.11299210200107,104.1228,1863590.049441621,1637539200,0
2021-11-23,104.39019190200446,104.56535869933185,103.40372625389755,103.4867,1237294.985732466,1637625600,0
2021-11-24,103.43141930825458,104.03989365305758,102.88748012123372,103.4222,1025239.610064377,1637712000,0
2021-11-26,102.40801069943971,102.65693186336526,101.55061557925177,102.0208,850606.6606025439,1637884800,0
2021-11-29,102.63849116512692,103.16399138936228,101.91016629294108,102.786,1519637.791138871,1638144000,0
2021-11-30,101.99322189403729,102.3158977293705,99.77136828502861,99.882,1872374.4818886286,1638230400,0
2021-12-01,101.81799017865322,102.99806105359595,100.57338417773705,100.6287,1630274.9613181928,1638316800,0
2021-12-02,100.99753109090909,102.3158922909091,100.905338,101.4124,1597299.7384935175,1638403200,0
2021-12-03,101.99316761104654,103.17323860934846,101.21874601841094,103.1548,2210361.922082152,1638489600,0
2021-12-06,104.1504452579035,106.1049371048253,103.91996272878535,105.2752,1097154.7429974012,1638748800,0
2021-12-07,105.03551531171202,106.97156887227196,104.99863810103469,106.0312,1398912.7445506607,1638835200,0
2021-12-08,106.03124602689486,107.10068560076843,105.47808762661543,105.5795,720444.6317703722,1638921600,0
2021-12-09,105.61640628308601,106.99930266423675,105.09090565824872,106.2341,680202.8068200324,1639008000,0
2021-12-10,106.7780276716572,107.4233792462571,106.28018502839443,107.1468,606878.5068709471,1639094400,0
2021-12-13,106.87940614491764,108.58497762225825,106.55673046001534,108.0226,982611.9997111716,1639353600,0
2021-12-14,108.60345649582838,108.78784266984506,107.74606078665079,108.29,1070687.6535229476,1639440000,0
2021-12-15,108.44669671404682,110.39197028428093,108.43747740802677,110.2629,1633962.4660697298,1639526400,0
2021-12-16,110.48415404304829,111.39686526219563,110.28132932768222,110.9359,1079690.902584285,1639612800,0
2021-12-17,110.55049063464837,111.24706181818182,108.05212198970841,108.2936,1934511.5500823688,1639699200,0
2021-12-20,107.55054759668744,108.92511418082472,106.32458280542987,108.7858,953205.1885448284,1639958400,0
2021-12-21,109.27803816964285,109.90959575892857,107.73629464285715,108.1821,1068843.1450304624,1640044800,0
2021-12-22,107.91283149100256,108.94375706940873,107.83853054841472,108.3865,452538.00058125326,1640131200,0
2021-12-23,108.2935725047081,109.38022327512412,108.04280694230441,108.4979,693181.3058132922,1640217600,0
2021-12-27,108.96225659736953,109.5195132795927,108.20067246499788,109.4545,447370.1401038788,1640563200,0
2021-12-28,109.77026903057356,110.33681327381453,109.38018938768634,110.2718,538889.9519188043,1640649600,0
2021-12-29,110.24394245267214,111.02410177584186,109.88172562405764,110.8755,486669.8233604358,1640736000,0
2021-12-30,111.20059213878646,111.20059213878646,110.32755650351996,110.8198,417114.70332918846,1640822400,0
2021-12-31,110.95908672410908,111.56278142881044,110.1789274134181,111.0241,608767.9701974617,1640908800,0
2022-01-03,111.21919407618728,111.21919407618728,109.38024623258936,110.6898,768335.0046707104,1641168000,0
2022-01-04,111.00552655386163,112.22220359356676,110.79191150108898,110.8755,820447.7995589647,1641254400,0
2022-01-05,110.87553898532495,112.0364907672956,110.72693715723271,110.7548,748308.4254587612,1641340800,0
2022-01-06,111.77643388809904,112.14793844609854,110.55975646065069,111.052,941684.2740337858,1641427200,0
2022-01-07,110.28107708246301,111.96213443061241,109.34302850697635,111.1634,1101575.149734535,1641513600,0
2022-01-10,111.39566007490636,111.63713807740325,109.9096415980025,111.5907,1013823.1949436647,1641772800,0
2022-01-11,111.86933183195823,111.91576991075938,109.49170219733962,110.3183,1028035.6386927646,1641859200,0
2022-01-12,110.16034339401058,110.9497902524956,109.28730804462714,110.7176,1342325.9445652722,1641945600,0
2022-01-13,111.03344675790703,112.38015104731703,110.65265451055663,111.2935,654635.1763580083,1642032000,0
2022-01-14,111.14484071871337,111.20985399564417,109.77956190316637,110.8755,743248.1837736921,1642118400,0
2022-01-18,110.1882780199358,110.65265882750465,108.79513559722926,109.9468,934793.1545074527,1642464000,0
2022-01-19,110.11393626021741,111.07056036909076,109.49166620881437,110.2161,585295.7235830337,1642550400,0
2022-01-20,110.50403207164584,111.6649838289963,109.67743442041231,109.9282,769088.8052383283,1642636800,0
2022-01-21,110.47619318757388,111.5349814198886,109.88178575890598,110.0211,803758.4608770498,1642723200,0
2022-01-24,109.59381245722109,110.39254702258728,105.71159096509241,108.5536,1321114.7304188898,1642982400,0
2022-01-25,107.23478782623481,110.02107193743093,107.23478782623481,109.2502,1561326.7801798075,1643068800,0
2022-01-26,109.14801760027075,110.78263733288203,108.6929246065324,109.761,1508137.91783967,1643155200,0
2022-01-27,110.53189090226192,112.31511273683333,110.32756340038395,111.2749,1478743.6699561176,1643241600,0
2022-01-28,110.90342783599469,111.69287523286762,110.16041852129077,111.6743,946959.8645346332,1643328000,0
2022-01-31,110.87550083866145,111.95286372166404,110.72689906169559,111.8507,1203108.0896230421,1643587200,0
2022-02-01,111.08909989871708,111.67421931127615,108.84149834571235,110.0396,1062060.131080084,1643673600,0
2022-02-02,109.69602553439242,112.13866838559429,109.41739707227815,111.665,1081978.480275825,1643760000,0
2022-02-03,111.74857797767783,112.74235273196734,111.05200688822255,111.5071,938669.4479544353,1643846400,0
2022-02-04,110.91271823333334,111.92506845000001,110.4483374,111.4514,1021790.663912701,1643932800,0
2022-02-07,111.44211706521739,111.44211706521739,110.01182403846154,111.0799,1051615.2787317957,1644192000,0
2022-02-08,111.83220565329775,112.11083418660884,110.94059434670224,111.3864,664648.3682029404,1644278400,0
2022-02-09,112.02717612014602,112.55657000497841,111.53493268337205,111.9343,938239.0205683156,1644364800,0
2022-02-10,110.48548588194684,111.41424753192958,107.33698388850534,107.6249,1989530.898518837,1644451200,0
2022-02-11,108.15424074552342,109.5938205922865,107.72701059745178,107.8849,884296.2082738178,1644537600,0
2022-02-14,108.4607960706592,109.3338321068505,107.38343245152952,107.7828,1765899.6147808372,1644796800,0
2022-02-15,109.965310635371,110.50399205571318,107.58768229730892,108.0242,1719494.983531468,1644883200,0
2022-02-16,107.96849729590524,108.76723198557816,106.88184661344322,108.1914,1702698.0517860013,1644969600,0
2022-02-17,107.81065859131168,110.64338178827498,107.43915390974273,110.1047,1960675.157372937,1645056000,0
2022-02-18,109.58458418935902,111.58142168412233,109.58458418935902,110.8477,1981455.6819852823,1645142400,0
2022-02-22,111.19127791768783,111.54420713259528,109.44520706498776,109.9003,1052046.6550136805,1645488000,0
2022-02-23,109.94681313320824,110.5133577861163,108.72084765478424,108.9066,1064858.6954326,1645574400,0
2022-02-24,108.21931075250552,109.77963037200612,106.72400445048412,109.3524,1992007.2536130894,1645660800,0
2022-02-25,110.81047104551045,113.29955043870439,110.56899319393193,113.2624,1496940.5998813375,1645747200,0
2022-02-28,111.9250376757957,113.54108253145817,111.51638265482357,112.9281,1768807.3384746579,1646006400,0
2022-03-01,112.7330911,113.77330416666668,110.68981543333335,111.4514,1549159.543980605,1646092800,0
2022-03-02,111.36774760970826,114.02400445370597,111.09840688077144,113.6525,1051938.9366709928,1646179200,0
2022-03-03,113.78254454117084,117.07035947608018,113.78254454117084,116.2902,1251021.1436561293,1646265600,0
2022-03-04,115.50076008758211,118.91860181420081,115.50076008758211,118.77,926610.4908646964,1646352000,0
2022-03-07,118.7421836598222,119.15083880890568,117.1354259145622,118.0549,1305286.3794726012,1646611200,0
2022-03-08,118.51921612110644,119.10433567409052,117.14464955219148,117.1818,1119125.137180006,1646697600,0
2022-03-09,117.90622130688635,118.28701335679438,115.54716811965129,116.123,1474006.613676877,1646784000,0
2022-03-10,115.64005626865672,118.54707880597016,115.32427746268658,118.2313,1382163.691002298,1646870400,0
2022-03-11,117.67403449633773,118.98358768212965,117.40469377018194,117.9248,1402621.1534808623,1646956800,0
2022-03-14,118.68642705501108,119.50373714037306,116.91249266519128,117.5069,986475.0410401431,1647216000,0
2022-03-15,118.91865328741389,119.3644589229806,117.34904594552285,118.6586,1292258.2265423662,1647302400,0
2022-03-16,118.4077716253228,119.02075404961266,116.36449687768997,118.6864,1511367.9663381819,1647388800,0
2022-03-17,119.01145401471277,119.44797175614339,117.95266630145562,118.6771,1321222.3588206992,1647475200,0
2022-03-18,118.97177263425083,119.33651590386295,117.55956151344493,117.9056,2511763.962017071,1647561600,0
2022-03-21,117.74661298190402,119.80413918174665,117.74661298190402,118.8689,1506566.4778592214,1647820800,0
2022-03-22,119.04657768673933,119.09333963885133,117.36314741070719,117.5689,1714855.697382556,1647907200,0
2022-03-23,117.56885167769376,119.25228126181476,117.02641325614367,118.7379,1125488.1213159403,1647993600,0
2022-03-24,118.94370417090539,119.95376236012207,118.7192467955239,119.5142,787178.410598908,1648080000,0
2022-03-25,119.79477914516751,121.4408,119.45809306122449,121.4408,551409.7815561162,1648166400,0
2022-03-28,121.34726195065538,121.52495736314573,120.11274645335392,121.3005,879988.953054604,1648425600,0
2022-03-29,121.58100926564055,122.42272394517191,120.96375183398422,122.13279999999999,962107.4928274796,1648512000,0
2022-03-30,122.32927911888957,124.13429065328907,121.79619281080265,123.9753,1172320.4864194721,1648598400,0
2022-03-31,123.66660477271007,125.6212535209137,123.41409034112398,123.6479,1228670.3696544785,1648684800,0
2022-04-01,123.54502230621017,126.22915715873722,123.049345835186,126.20110000000001,963604.3425928934,1648771200,0
2022-04-04,125.46232432836938,125.46232432836938,123.3580363690788,124.976,763013.4425809756,1649030400,0
2022-04-05,125.19104737508378,127.31403913917642,125.16299021520591,125.5932,937835.4799463665,1649116800,0
2022-04-06,126.02341726618705,129.05359071288424,125.81766474820145,128.6982,1650166.925411544,1649203200,0
2022-04-07,128.5018054720164,128.8571962003961,126.6126231790508,127.5011,1410762.7463606198,1649289600,0
2022-04-08,128.05284746996725,128.84780014561343,126.70610411357845,128.455,1077051.5355571988,1649376000,0
2022-04-11,128.77304831214377,129.53994423498463,127.27666602367381,127.99680000000001,975365.7278931974,1649635200,0
2022-04-12,127.77235599564744,129.39031951396444,126.79970740660139,128.9227,988410.4195770023,1649721600,0
2022-04-13,129.06297738417624,129.23132039815562,126.67811801946863,127.7817,1148262.677676068,1649808000,0
2022-04-14,127.65073764671577,129.08165294160534,127.65073764671577,128.2867,873787.571119999,1649894400,0
2022-04-18,128.47374775096597,129.09100532915363,127.47304228329813,128.2867,693512.7491782078,1650240000,0
2022-04-19,128.62334277418887,129.06290484140234,127.65069479567396,128.8478,585946.8302912428,1650326400,0
2022-04-20,129.71759976998274,130.72765750431282,129.46508533640022,130.1104,839571.8097861508,1650412800,0
2022-04-21,130.0262289846688,131.14851536013884,129.12839988429275,129.3248,1087850.6829316572,1650499200,0
2022-04-22,129.10034354213872,129.33415320517506,127.86582852130692,127.95,710193.05978898,1650585600,0
2022-04-25,128.27734859248343,128.44569156963894,125.53709901989683,126.9119,951094.0266436795,1650844800,0
2022-04-26,126.2946240856378,128.27732997323818,125.7241285236396,125.8083,747509.7588950809,1650931200,0
2022-04-27,126.36942889037732,127.19243878842003,124.92916156880258,125.668,817331.6039087118,1651017600,0
2022-04-28,125.32203659976386,127.58531517119242,124.85441706021251,126.7436,1057590.5371158782,1651104000,0
2022-04-29,126.07019810744814,126.41623648504273,122.39470939407816,122.5537,1435996.7916105348,1651190400,0
2022-05-02,123.61982032002486,124.5176492465434,119.00909468696598,120.4026,1323940.41324689,1651449600,0
2022-05-03,120.95443313787516,123.15224430213718,120.58969000848698,121.2163,1473420.4888286479,1651536000,0
2022-05-04,122.03928557662894,122.5723715815234,121.11339935760171,122.2918,1501862.7250559728,1651622400,0
2022-05-05,122.04864860669097,122.89971581153456,119.50479937902661,120.4868,1620976.5717074403,1651708800,0
2022-05-06,119.91635098704504,121.58107649599013,119.69189361505244,121.2818,1287692.168157135,1651795200,0
2022-05-09,120.81411888511427,122.3759673023471,119.54219442557132,121.1321,908110.5338716988,1652054400,0
2022-05-10,121.45009609843471,123.1054685772136,119.24293279339615,120.094,980712.208769797,1652140800,0
2022-05-11,120.30909919299052,123.23639614941203,120.2529848743371,121.6839,989800.8446474842,1652227200,0
2022-05-12,121.58105819283661,122.17025870561727,119.36454197809027,120.3746,934199.7979640224,1652313600,0
2022-05-13,121.08531893536707,121.80545252291812,119.62634699175719,121.4033,817010.9132124085,1652400000,0
2022-05-16,121.77746177034594,122.4040718570223,120.8609276137148,121.9271,932275.1299752066,1652659200,0
2022-05-17,122.60980580202143,122.60980580202143,120.29976598256306,121.2163,2026327.4081126056,1652745600,0
2022-05-18,122.21701613280338,122.21701613280338,119.71057594887382,120.0005,2206815.8799338336,1652832000,0
2022-05-19,119.60772764322311,120.99188150131968,118.58831703151685,120.4775,1674758.9051897656,1652918400,0
2022-05-20,120.97310025637042,121.01050979645741,118.85010885643257,120.3839,1815579.6580772013,1653004800,0
2022-05-23,122.76881468766727,122.76881468766727,120.617765142595,122.3199,1538109.6207567207,1653264000,0
2022-05-24,122.57236524526616,125.88310973609663,122.30114606381396,125.4529,1149546.2759330391,1653350400,0
2022-05-25,125.62131078033377,125.97670162381596,123.75083265674334,124.4055,1370879.4386100294,1653436800,0
2022-05-26,125.16305304452287,126.07958739394849,124.41486173886928,124.5645,749968.6186674373,1653523200,0
2022-05-27,124.16233191362619,125.64000956068502,123.98463650037228,125.6026,996750.5449727953,1653609600,0
2022-05-31,124.44283347147916,125.09750041443748,123.26443297415418,124.1155,1247382.365619121,1653955200,0
2022-06-01,124.39615761164755,124.68608174411587,122.89042260108631,123.9753,966811.5503652743,1654041600,0
2022-06-02,124.21845717297988,124.39615260185253,122.12352159048122,124.19039999999998,591613.4177843054,1654128000,0
2022-06-03,123.95655748353396,124.38676735559089,123.28318550987963,123.5357,450259.30965704645,1654214400,0
2022-06-06,123.75079031455081,124.69538144376558,123.21770423172664,123.9846,646252.0990510111,1654473600,0
2022-06-07,123.64796007459901,125.5839049906751,123.20839770234986,125.3688,953018.3347052857,1654560000,0
2022-06-08,124.70476359208523,124.82634465753424,122.79687610350076,122.8904,698538.0469100924,1654646400,0
2022-06-09,122.89040750545003,123.38608418716912,120.0566332684522,120.1221,796160.1070910349,1654732800,0
2022-06-10,118.85945224313726,120.35583373333333,118.33571872156863,119.2429,775951.8596075741,1654819200,0
2022-06-13,117.83075088107532,118.27031317105155,113.62217576428161,114.1085,979856.5751017672,1655078400,0
2022-06-14,114.2581308958106,114.60416927210142,109.77833678112668,111.3963,1435676.0233508653,1655164800,0
2022-06-15,112.20993376394598,113.02359139333949,110.28334213572688,111.4898,1345859.6840249063,1655251200,0
2022-06-16,110.11888082497214,110.13772550381614,108.30979165594718,109.8739,1628258.0485447408,1655337600,0
2022-06-17,110.69363155893537,110.7030538973384,107.65021625475286,109.0353,2361091.169557015,1655424000,0
2022-06-21,109.33684251323204,110.96690746969438,109.07301697114565,110.3733,1198746.7077635624,1655769600,0
2022-06-22,109.49702437659032,111.61705109414757,109.49702437659032,111.0894,1143664.832108194,1655856000,0
2022-06-23,111.59818848550303,113.45438935781341,111.38147467807593,113.4167,1205008.5922090837,1655942400,0
2022-06-24,113.66170612643398,116.33765112684078,113.66170612643398,115.81,1122757.0071669111,1656028800,0
2022-06-27,115.4802011097708,117.44004786489747,115.23522026537997,117.1668,756287.7026597979,1656288000,0
2022-06-28,117.88283198115467,118.89102181585882,117.40229290106204,117.9959,904871.2540011983,1656374400,0
2022-06-29,118.31632766362554,119.09838191193971,117.94885639032131,118.7686,848090.7832541597,1656460800,0
2022-06-30,118.18435173964498,119.92748377120316,117.83572533333333,119.4281,1297024.527728399,1656547200,0
2022-07-01,119.96519005884174,121.89676906937133,119.16429144471974,121.6989,1067357.3220464606,1656633600,0
2022-07-05,121.26547387068202,121.26547387068202,115.42362509058702,117.016,878550.6426471593,1656979200,0
2022-07-06,117.56249519657578,119.36216150919469,116.82755293278377,118.8722,971945.7366819155,1657065600,0
2022-07-07,119.15490199457474,119.7296646880485,117.66617239508535,118.0996,962605.969876274,1657152000,0
2022-07-08,118.17497331197438,118.27861903884663,117.08198201041252,117.6379,617787.1672309688,1657238400,0
2022-07-11,116.65800726190477,118.7215,116.5732061904762,118.7215,670746.2422560361,1657497600,0
2022-07-12,118.09959040012778,119.91810172510182,117.65674049197348,117.9771,847878.690016961,1657584000,0
2022-07-13,117.19500963778007,118.51413661553288,116.64851417556821,117.3175,704602.3738998871,1657670400,0
2022-07-14,115.38592121114768,117.50594671110753,115.37649887559232,117.3175,840449.7964924244,1657756800,0
2022-07-15,118.33511576929222,118.35396044096501,116.233934877776,117.9488,922807.2689166826,1657843200,0
2022-07-18,117.63793632247109,117.79811613164065,116.33765316568287,116.5261,648883.28022649,1658102400,0
2022-07-19,117.12909144975421,117.71327644451608,116.53548411636716,116.9218,581808.8500177042,1658188800,0
2022-07-20,116.90292984521653,116.90292984521653,114.1704522394204,114.4437,1301800.2388947578,1658275200,0
2022-07-21,114.05744992593812,114.54741171000659,113.22828382982226,114.5003,1112886.7959297923,1658361600,0
2022-07-22,115.29169538585859,116.63908934141415,114.95249131313132,116.6014,698128.4101220054,1658448000,0
2022-07-25,116.61083135057243,117.8357350412297,116.18682622688337,117.6944,634556.0111611087,1658707200,0
2022-07-26,117.51538249504951,119.47522851485148,117.50596015841583,118.957,584780.6350193768,1658793600,0
2022-07-27,118.4576448199621,119.59774782849021,117.87345980732786,119.3245,750026.0885233125,1658880000,0
2022-07-28,119.65424146737867,122.18884977942882,118.09013373577895,121.746,1353804.4453205857,1658966400,0
2022-07-29,121.87797762854947,123.43266385264772,121.87797762854947,122.7731,800968.6975404222,1659052800,0
2022-08-01,122.41498322343199,122.99916802637632,121.15239026222974,122.8861,1242685.5274925316,1659312000,0
2022-08-02,123.50803615088529,123.91319678214009,122.2831319168591,122.3962,833657.0089594285,1659398400,0
2022-08-03,122.03808980217761,123.26299342125442,119.6919282548689,122.8861,1058654.7217301223,1659484800,0
2022-08-04,122.9898181860465,123.76245015503875,121.43513190697674,121.5482,836416.3352480745,1659571200,0
2022-08-05,121.71777871417507,121.74604573199072,119.96522360960495,121.6424,776558.7492519056,1659657600,0
2022-08-08,122.59400406936417,123.18761119075145,121.67061521387284,122.2548,576396.3868903307,1659916800,0
2022-08-09,122.78249612221802,125.17577016220292,122.40560257261409,124.89309999999999,1058442.0996836496,1660003200,0
2022-08-10,125.22282942688645,125.64683449266596,123.75294519885075,124.6198,985742.939725469,1660089600,0
2022-08-11,124.84594614865371,126.27814115352884,124.48789739743493,125.628,1874057.646384564,1660176000,0
2022-08-12,126.23109996293826,127.22044574901788,126.13687655474021,127.1168,1146530.3799340448,1660262400,0
2022-08-15,127.00366336175215,128.3887467146847,126.43832321769807,128.2003,752573.4807172839,1660521600,0
2022-08-16,128.08726492762142,128.86931899478287,127.83286179733999,128.2286,689531.6099528498,1660608000,0
2022-08-17,128.25686890420093,128.5301167148255,126.9188968659702,127.1733,1240774.8088631812,1660694400,0
2022-08-18,127.41823097312464,128.0589497268163,127.24862895008862,127.6161,797254.6410680156,1660780800,0
2022-08-19,127.927073519906,128.65259349199354,127.47480132951374,128.2757,1072027.00121691,1660867200,0
2022-08-22,127.78578942364827,128.19095008912657,126.59857445038624,126.8624,878019.5865756914,1661126400,0
2022-08-23,126.82470854496563,126.82470854496563,125.55269252315506,126.1463,735910.5419659554,1661212800,0
2022-08-24,126.52314467451215,126.75870310591391,125.73166834500225,126.5043,702691.8926866517,1661299200,0
2022-08-25,126.65507347726091,127.04138935380963,125.76937366273461,127.00369999999998,617468.7981531247,1661385600,0
2022-08-26,127.21099867887703,127.38060078066356,125.47728830505929,125.5244,796829.7478418539,1661472000,0
2022-08-29,125.21343743820223,126.75870071910113,124.00737829213485,125.7882,863904.5633851187,1661731200,0
2022-08-30,125.14745996196274,125.77875643971095,123.32894921262837,123.8566,616938.3383687263,1661817600,0
2022-08-31,123.68707776584318,124.1581948442535,122.58466380236304,122.8108,1069373.2473039832,1661904000,0
2022-09-01,122.70709343830043,125.37361478077445,122.19828724574356,125.0721,1217426.2205559833,1661990400,0
2022-09-02,125.14745226475523,126.18390910477352,123.17818426872044,123.5645,812643.5829060936,1662076800,0
2022-09-06,123.96030423780489,125.156941410061,123.43265320121952,123.6211,845755.9429579577,1662422400,0
2022-09-07,124.35600638628132,127.55017869761255,124.35600638628132,127.4748,1005164.6207721055,1662508800,0
2022-09-08,127.05085746955746,127.89886823581823,126.34418183100682,126.9001,978737.5738868607,1662595200,0
2022-09-09,126.81526710701108,127.94594784501845,126.25934907749078,127.6727,829730.2399025006,1662681600,0
2022-09-12,127.90820861219387,128.7373741634184,127.39940247848791,128.1155,874623.890161612,1662940800,0
2022-09-13,127.32410346668672,127.68215245149646,124.44086690479772,125.2983,1215196.8542270723,1663027200,0
2022-09-14,125.7127928981723,127.39939085415888,125.45838985453187,126.3064,1106307.518858902,1663113600,0
2022-09-15,125.67510923430322,125.67510923430322,122.9426319754977,123.0557,2114019.4237243785,1663200000,0
2022-09-16,122.63354290993072,123.8952634334103,122.63354290993072,123.2312,2231353.0988905407,1663286400,0
2022-09-19,122.6335803896104,124.39809233766233,122.3584683116883,124.1799,1251551.740660123,1663545600,0
2022-09-20,123.42098733193441,123.60123320121241,121.1347107795135,122.0644,2245688.0794072635,1663632000,0
2022-09-21,122.83283494746819,123.57279178450113,120.07222674776837,120.0912,1861673.4531755866,1663718400,0
2022-09-22,119.85402099857798,121.00190263074735,119.41763624585242,120.0817,1357700.9652594856,1663804800,0
2022-09-23,118.90532807575998,119.5978515279325,117.71001362406493,119.2089,989709.4428352246,1663891200,0
2022-09-26,118.70616494593934,118.90538411511258,115.55660474758149,116.695,1398600.3513432452,1664150400,0
2022-09-27,117.19773860312243,117.5961767625308,114.80710964667215,115.4522,1405663.5559997992,1664236800,0
2022-09-28,116.84678662715167,117.5298237820721,114.98740770542383,116.8373,1039463.2193657334,1664323200,0
2022-09-29,116.31552908983251,116.50526162239892,112.01808722720351,112.1509,1327869.272560452,1664409600,0
2022-09-30,112.74851681877446,113.21336135593222,109.13411337679273,109.1436,2521866.7883412307,1664496000,0
2022-10-03,111.27810510561874,111.9421688189515,109.210020969811,110.9271,2200571.979254844,1664755200,0
2022-10-04,110.94604745848437,113.24181004804856,110.2345507881649,112.5398,1274531.6145932372,1664841600,0
2022-10-05,111.34451471880114,111.34451471880114,108.88747890793213,110.1492,1491995.3481278121,1664928000,0
2022-10-06,109.56100565441243,109.65587188149219,104.97896688646011,105.0264,2088625.278977476,1665014400,0
2022-10-07,105.02639228765466,105.17817823983627,101.20328361708067,101.9717,2839472.255537566,1665100800,0
2022-10-10,102.17090720195561,102.84445728657388,100.82380703271906,100.8997,3613931.696526353,1665360000,0
2022-10-11,100.70050065851365,102.0001679774224,100.04592368767638,100.8428,2755248.168436418,1665446400,0
2022-10-12,100.76690587321619,100.88074534511212,97.68375350936802,97.7217,2269511.5823813956,1665532800,0
2022-10-13,96.64020786780584,101.32659862923668,95.4733534879354,101.042,3722083.984877576,1665619200,0
2022-10-14,102.00015984688994,102.63576352153109,98.36678361722487,99.1352,2918425.5441054236,1665705600,0
2022-10-17,100.47285774766355,102.26583009345794,100.44439786915888,101.5069,2052784.589027938,1665964800,0
2022-10-18,102.91088615888616,104.47617895167895,102.63577409227409,104.2485,2673659.5346695636,1666051200,0
2022-10-19,102.91090063518367,103.85007644297157,102.23735030838627,103.0532,1693436.9335450039,1666137600,0
2022-10-20,102.95836969496648,102.95836969496648,99.97956861837756,100.4539,2124253.2942971853,1666224000,0
2022-10-21,100.78591821312237,102.3227516798511,99.67598293159608,101.9338,2924959.72876514,1666310400,0
2022-10-24,102.40809804651164,103.09113492093024,100.78588546976744,101.9812,2147339.4115778203,1666569600,0
2022-10-25,102.01912718775773,103.75517891505544,101.7060686795565,103.5275,2403279.196348796,1666656000,0
2022-10-26,104.22954397143641,104.37184333974182,102.89192990936554,103.6224,1944843.489438577,1666742400,0
2022-10-27,104.1441310761347,106.36400051244509,103.34725486822839,103.6698,2752297.0045278375,1666828800,0
2022-10-28,104.01135022879268,108.03367898627243,103.71726487152411,107.806,1670562.6031946274,1666915200,0
2022-10-31,107.492894434038,107.53084091517259,105.62403023815895,106.3545,2615578.494562994,1667174400,0
2022-11-01,106.88581276104149,107.70166257886785,106.05098969163778,106.753,1287707.5866720374,1667260800,0
2022-11-02,106.46838150783643,107.85342861646551,105.17820063952442,105.3205,1954752.2846929135,1667347200,0
2022-11-03,104.58056656534954,106.96170972644377,103.51806443768999,106.1174,1031241.2290538591,1667433600,0
2022-11-04,106.30714131150458,107.26529063083903,105.23515246908087,106.6202,2265188.688447405,1667520000,0
2022-11-07,106.69609284358904,106.9522317701274,103.6698588596729,104.9885,990341.4659700824,1667779200,0
2022-11-08,105.66202612134832,106.39249622471911,104.92206939325843,105.5387,1551447.4785078836,1667865600,0
2022-11-09,105.53865780445969,105.84222967409947,104.83664785591768,105.0833,1320702.0811108903,1667952000,0
2022-11-10,107.76799584559458,109.82659224510991,105.66196634931624,109.6084,1973621.9304359886,1668038400,0
2022-11-11,110.13973936635742,110.65201722387536,107.36964428496411,108.3942,1511601.5432560046,1668124800,0
2022-11-14,108.68826705882353,109.6938493498452,107.08502736842105,107.2463,1988378.2937033726,1668384000,0
2022-11-15,108.3372744584207,109.3049103598882,107.2463124126485,108.6029,1328290.9388239172,1668470400,0
2022-11-16,108.60283653412051,110.03531629623198,108.55540342941484,109.2669,1706086.9302597584,1668556800,0
2022-11-17,108.16645646414696,108.53643469622043,107.00908866125046,107.4265,1543225.9265637433,1668643200,0
2022-11-18,108.62183376963351,110.51915837696336,108.51748091623038,108.7167,2424782.761066147,1668729600,0
2022-11-21,108.99177107964603,108.99177107964603,106.25013805309734,107.1988,3127879.22999138,1668988800,0
2022-11-22,107.84398662795813,109.0013552388493,107.2937622063869,107.8345,1502641.4088255614,1669075200,0
2022-11-23,107.03761980959035,108.65034651061228,106.87634713948816,108.6124,1018275.4455292398,1669161600,0
2022-11-25,109.01082614566997,109.49464410175989,108.71674072138002,108.8875,407942.69314659626,1669334400,0
2022-11-28,108.06215895923677,109.77923830008673,108.03369908065915,109.3808,2072074.8979711249,1669593600,0
2022-11-29,108.86845709278893,109.37124798037327,107.63519642512924,108.2708,1274637.2613853412,1669680000,0
2022-11-30,107.8628903542798,110.51914447030428,107.5877783208344,110.0543,3718394.2381170024,1669766400,0
2022-12-01,111.06941608680675,112.17935131760248,110.1112668704788,110.1587,2077767.1849794886,1669852800,0
2022-12-02,109.09618025378063,109.38077898487745,108.31827705544933,109.1531,1391854.413663011,1669939200,0
2022-12-05,108.33721269507276,109.2858748027354,107.95774785200771,108.2044,1895300.745625871,1670198400,0
2022-12-06,108.13801488737377,110.02585285233451,107.92930918270474,109.9215,1397019.7913965876,1670284800,0
2022-12-07,109.76976151560179,110.72791084695395,108.28984769687966,108.5365,1035246.769519931,1670371200,0
2022-12-08,109.90252133265341,111.85676556178821,109.24794438211796,111.6196,1783669.5884952105,1670457600,0
2022-12-09,111.27805282020651,112.15082186193362,110.87961477941803,111.1737,1535214.8574707867,1670544000,0
2022-12-12,112.07498836454432,114.01974650020807,111.44887111111112,113.9818,1113884.0148164006,1670803200,0
2022-12-13,115.4807015357795,116.12579212186617,112.9667455752947,114.2759,1673302.9798933985,1670889600,0
2022-12-14,114.7122720066335,115.90758678275292,113.61182348258707,114.4087,2264451.2174336393,1670976000,0
2022-12-15,114.01975558727226,114.48460025186802,112.28370306439426,112.9952,1496422.4675030445,1671062400,0
2022-12-16,111.71610979105509,112.04125512001382,109.63135444655501,110.7598,3260868.0044564903,1671148800,0
2022-12-19,110.61639196040979,111.37187695780516,109.65051873589164,110.1478,925850.2847991517,1671408000,0
2022-12-20,110.07126535030744,110.97975972113969,109.25840196587859,110.4251,1400173.7829533322,1671494400,0
2022-12-21,111.0180444094354,112.31862620284424,110.78852997530441,112.2995,1059384.3516667483,1671580800,0
2022-12-22,112.2038598372591,112.2038598372591,109.73657987152033,111.6492,1587978.68681549,1671667200,0
2022-12-23,111.25711776615488,113.38968930318879,111.25711776615488,113.361,743273.5420470885,1671753600,0
2022-12-27,113.70521781430847,114.37463457183593,113.14099511867818,114.0208,605975.2694245261,1672099200,0
2022-12-28,114.17378202503807,114.91014028083235,112.9018904923025,113.0549,630967.3264935885,1672185600,0
2022-12-29,113.48528201040443,114.52765967444202,113.41834032555798,113.973,554736.5604134313,1672272000,0
2022-12-30,113.86781721262656,113.95388510167616,111.4196639241045,112.3951,575650.2285241972,1672358400,0
2023-01-03,112.60550589682674,113.16972881384694,111.13278845240114,112.7107,847946.7699162547,1672704000,0
2023-01-04,113.2270806289729,115.13013713616593,113.08363415858146,114.3364,1015465.9058707465,1672790400,0
2023-01-05,113.55222923314462,114.19295681935151,111.32402732887287,111.4866,877226.1599151826,1672876800,0
2023-01-06,112.61500013395847,114.60412377762893,112.03165137307435,114.2216,854848.8201881256,1672963200,0
2023-01-09,113.96346012784328,115.92389558359622,113.96346012784328,115.1971,940908.3041152945,1673222400,0
2023-01-10,114.85280478253625,114.93887266288952,113.81999021829697,114.7763,691930.5989128416,1673308800,0
2023-01-11,114.60414751491055,116.01948578528827,114.60414751491055,115.4457,699982.4852722968,1673395200,0
2023-01-12,115.66564293491918,115.95253580701902,113.89647022363683,114.1738,990787.94784793,1673481600,0
2023-01-13,113.54264774018486,113.74347277198338,112.01255225981514,112.7776,910479.1288340947,1673568000,0
2023-01-17,113.04537879976131,113.705232546245,111.85955467564573,112.1847,1246876.3030965899,1673913600,0
2023-01-18,112.6437455926251,112.6437455926251,108.79937971027215,108.9237,1373090.429355595,1674000000,0
2023-01-19,108.90452857142857,108.96190714285714,107.35530714285716,107.6422,861332.0054774057,1674086400,0
2023-01-20,107.5465725717294,109.07666785996315,105.62439036588576,108.9906,1638486.1905522128,1674172800,0
2023-01-23,109.07672992880374,109.83221490726905,108.16823533444669,108.7994,1079461.5687218863,1674432000,0
2023-01-24,109.32531556025742,109.32531556025742,107.39357013135854,108.4742,777886.1425113069,1674518400,0
2023-01-25,107.9100033859448,108.4837892954766,107.4031591658584,108.4551,924595.7267108692,1674604800,0
2023-01-26,108.03430232906925,108.80891315394796,107.59439988531099,108.3977,756449.537213428,1674691200,0
2023-01-27,108.1968607095695,109.0288500044018,107.55613332159521,108.6272,931811.2682643022,1674777600,0
2023-01-30,108.40727948919795,110.22426811860406,108.20645443015833,109.3349,929301.3575720104,1675036800,0
2023-01-31,110.07128624215862,111.29536310045543,109.0193451920598,111.2858,1221884.0588826248,1675123200,0
2023-02-01,110.606755968672,111.76389045528876,110.00428098803684,111.1136,1559327.8230567635,1675209600,0
2023-02-02,111.28577430912738,112.0699483654433,109.52616423154042,109.6983,1785822.9161254093,1675296000,0
2023-02-03,108.75155746718694,109.09582901738204,105.89219098084428,107.8335,1488743.4053424958,1675382400,0
2023-02-06,107.60399704797048,108.90457859778597,107.23103616236162,108.8472,889355.9962957246,1675641600,0
2023-02-07,108.1969033506288,108.95238818045908,107.06845765543927,108.742,1077893.2519173822,1675728000,0
2023-02-08,107.556198922337,108.2351791058069,106.56163640007125,107.3745,1092950.8961624969,1675814400,0
2023-02-09,107.61354420535714,108.24470868750001,106.81980705357144,107.1067,1710742.6519536125,1675900800,0
2023-02-10,107.40315555066854,108.73242619634061,107.12582570372977,108.7133,929510.4830779674,1675987200,0
2023-02-13,108.71332837600842,109.22017271132934,108.40730915468257,109.0576,619464.3564501695,1676246400,0
2023-02-14,109.00016668425681,109.42094290237468,108.39769164467897,108.7324,1288181.1677108204,1676332800,0
2023-02-15,108.15859653270292,109.42092498029946,107.97689774100343,109.2201,1042235.8796595131,1676419200,0
2023-02-16,108.21598571428571,108.96190714285713,107.0301619047619,108.4455,1220943.6076185736,1676505600,0
2023-02-17,108.70371530789245,110.72152862098874,108.24468668690373,110.2625,1072665.140006802,1676592000,0
2023-02-21,109.75565370010597,109.79390608442247,107.98648092546804,108.2925,1342347.697208948,1676937600,0
2023-02-22,108.61765848772271,108.90455140501727,107.34576655438347,107.8813,1452772.009606855,1677024000,0
2023-02-23,109.88954199608263,109.88954199608263,106.6093998931624,107.4127,1305957.7498750146,1677110400,0
2023-02-24,106.53290442477878,108.15863097345132,105.80610902654868,108.063,1824722.615511322,1677196800,0
2023-02-27,108.5889827864443,109.10539010220548,106.37034394835932,106.6668,1437086.5348918315,1677456000,0
2023-02-28,106.15033907574517,106.5137366329414,104.62980719168719,104.9167,2131004.9687037426,1677542400,0
2023-03-01,103.88396892195395,104.15173575706531,101.47406740595171,102.1913,1997260.0407275374,1677628800,0
2023-03-02,102.0191,103.6257,101.81827499999999,103.6257,1977916.096103573,1677715200,0
2023-03-03,103.57793758573389,104.77332510288066,102.80332647462278,104.5725,1463855.8416409667,1677801600,0
2023-03-06,104.43862993940506,105.46188178479618,103.91265936467131,104.1613,1447542.9550130423,1678060800,0
2023-03-07,104.16123089369708,104.35249279397931,100.94803096895578,101.6557,2789787.193438243,1678147200,0
2023-03-08,101.6461381067735,102.78414642690767,101.34968215783098,102.6407,1310768.0968660582,1678233600,0
2023-03-09,103.1092772228989,104.02733422655298,101.63656077953715,102.0669,1329904.347050807,1678320000,0
2023-03-10,102.37291500765696,102.50679831546707,99.27447274119449,99.9152,1206199.6573093985,1678406400,0
2023-03-13,100.02041426031627,104.33337026293627,99.6952690184336,102.2008,1398292.0290252133,1678665600,0
2023-03-14,103.02327750279122,103.62575280982507,101.57924938593226,102.7842,1410839.5648358406,1678752000,0
2023-03-15,102.63118851059924,105.10803139396164,101.92351911535286,104.2091,1779548.4847292604,1678838400,0
2023-03-16,103.86485077824574,105.26106366965756,103.32931706647133,104.4482,1443987.526831482,1678924800,0
2023-03-17,104.25766517189834,104.6339073243647,102.6851659192825,103.264,2466613.5729779983,1679011200,0
2023-03-20,103.54374612546124,105.00047822878227,103.54374612546124,104.576,1805802.8610771117,1679270400,0
2023-03-21,104.62420152413209,104.62420152413209,101.06437392040644,102.5404,1332610.6003097317,1679356800,0
2023-03-22,102.09663759376802,102.73335478938256,100.30225276976341,100.3119,1093681.786507882,1679443200,0
2023-03-23,100.1479318624586,101.04512458601207,98.66225789012273,99.0385,946177.9812901043,1679529600,0
2023-03-24,99.3182518969555,103.02278892740047,99.23142681030446,102.9842,1060304.1534526655,1679616000,0
2023-03-27,103.64986568265682,104.0646966789668,101.50818007380074,101.9616,1550600.1376988983,1679875200,0
2023-03-28,101.91331907764706,103.63052570352941,101.58531331764705,102.5018,953227.1628400672,1679961600,0
2023-03-29,103.01312132666297,104.73032825643877,103.01312132666297,104.1322,969501.0957225526,1680048000,0
2023-03-30,104.5084995307756,105.16451152819947,104.36379100193211,104.8558,870819.4396494996,1680134400,0
2023-03-31,105.00049362789848,105.74333063721014,104.43130682855576,105.6758,1755425.4616477948,1680220800,0
2023-04-03,105.27061403798514,105.93627316267548,104.16118216350124,105.1452,1662030.8487691307,1680480000,0
2023-04-04,105.1933584766811,105.47312804709779,104.47946371079018,104.875,1515876.0810488677,1680566400,0
2023-04-05,105.28023073218586,108.66640877552841,105.28023073218586,108.1744,1256526.3685308169,1680652800,0
2023-04-06,108.79179928853755,109.98805566095741,108.48308796662276,109.8337,1818138.6951363743,1680739200,0
2023-04-10,109.14877459283386,109.8337280130293,108.2612293159609,109.5829,1222112.300368032,1681084800,0
2023-04-11,109.6311247827232,110.29678367131946,109.12946880870864,109.8916,1033871.8700974415,1681171200,0
2023-04-12,110.00736413119942,110.58619793352092,109.23558572810411,109.7083,1554228.5132483141,1681257600,0
2023-04-13,109.13916382753135,109.84341194557341,107.34477821169817,109.1874,1558996.0013701215,1681344000,0
2023-04-14,108.47344960169941,109.35134749513188,108.0779131881749,108.9944,1469955.6857967016,1681430400,0
2023-04-17,109.29348666370896,109.83373163265304,107.82710746228925,108.7243,1059578.5854680142,1681689600,0
2023-04-18,108.47348932524098,108.80149525169581,107.66312174223489,108.0876,1162094.856394258,1681776000,0
2023-04-19,108.65674986260082,109.50570608988565,108.20333005939189,108.8304,856515.3027095371,1681862400,0
2023-04-20,109.01375231542735,109.54435022492721,108.28056247684572,109.3707,1118662.5302754762,1681948800,0
2023-04-21,110.27752848975284,110.29682295716422,108.9462102383675,109.6794,554148.4909654866,1682035200,0
2023-04-24,109.70827189085185,110.42216673080286,108.975082595767,110.3064,611056.3847609931,1682294400,0
2023-04-25,110.31612721017333,111.55097323403885,109.93023782771536,110.7599,820753.3412363138,1682380800,0
2023-04-26,110.05564294945562,111.03966079490131,108.93656383110562,108.9848,1065279.4609890552,1682467200,0
2023-04-27,108.48307721463199,111.92713755839576,108.48307721463199,109.4478,1167692.954997725,1682553600,0
2023-04-28,109.39957566052843,110.13276505648963,107.34471590605818,108.4445,1128199.6228485538,1682640000,0
2023-05-01,108.04896600566573,109.90123399433429,107.80778527797452,108.9751,1131931.2393381607,1682899200,0
2023-05-02,109.16806806451613,109.16806806451613,107.08426612903226,107.6631,970952.1646692321,1682985600,0
2023-05-03,108.44448374092985,109.12943688972499,107.34469981187853,107.692,888234.474241355,1683072000,0
2023-05-04,107.94286874334398,108.94618077742278,107.04567625133119,108.705,778876.3350351871,1683158400,0
2023-05-05,108.26121577275936,109.361,108.26121577275936,109.361,853301.9266466107,1683244800,0
2023-05-08,108.75322478761062,109.74688948672566,108.22262713274337,109.0137,820753.7217799231,1683504000,0
2023-05-09,108.84968577479704,109.68899470525945,108.251557571479,109.3224,891344.0246463671,1683590400,0
2023-05-10,109.97844169518295,110.77916192857771,108.7339488023164,109.9495,1106431.3889558387,1683676800,0
2023-05-11,109.71796451441712,110.03632315584645,108.43488271714135,109.0716,904197.2245754165,1683763200,0
2023-05-12,109.66968624063465,110.28710882327015,108.72425791097399,109.4478,760425.700653645,1683849600,0
2023-05-15,109.71792838137473,109.87228403547672,107.65342150776054,108.7725,696054.8392286653,1684108800,0
2023-05-16,108.840091855614,108.840091855614,106.13886638853619,106.3704,787479.6183900784,1684195200,0
2023-05-17,106.69838478460129,106.69838478460129,104.76893840513291,105.2513,890099.8847520172,1684281600,0
2023-05-18,104.56629143250689,105.36701125803489,104.02604673094581,105.0583,1303172.4290227427,1684368000,0
2023-05-19,105.55996155121592,105.79149500736919,104.69171109064112,104.7303,1246368.4721613517,1684454400,0
2023-05-22,105.00046937838583,105.79154237443761,104.71105242861078,105.068,812875.6805116687,1684713600,0
2023-05-23,104.86542726273362,106.57298757786735,104.85578002931477,105.3092,1987409.1532363743,1684800000,0
2023-05-24,105.19344513274336,105.45392046460177,104.4216663716814,104.6532,1312189.5173773952,1684886400,0
2023-05-25,104.19007010000935,104.82678719506497,102.85875253762035,103.2157,1146339.568495878,1684972800,0
2023-05-26,103.03246981504084,103.27365069007605,101.93268502488029,102.7527,814533.9051917857,1685059200,0
2023-05-30,102.83945565576852,103.50511442127022,102.33779977452086,102.6851,1030244.0763070786,1685404800,0
2023-05-31,102.87806587360595,104.40232828996282,102.59829618959107,103.8042,1602947.0869194118,1685491200,0
2023-06-01,104.06468109267202,104.29621463732985,102.0387625769159,103.4762,1571020.7371356892,1685577600,0
2023-06-02,102.65613510286555,105.46347795738428,102.48248502939016,105.039,1655190.7767591083,1685664000,0
2023-06-05,105.23203020938098,106.87206001645788,104.99084935539909,105.5118,1305451.8831069134,1685923200,0
2023-06-06,106.55366183045899,106.6501341363263,105.37669969887764,105.724,1428389.202073323,1686009600,0
2023-06-07,105.86866872808989,107.58587512808988,104.95218216629215,107.3254,1581698.041656495,1686096000,0
2023-06-08,107.15174957577922,108.42518353130303,106.4571492364026,108.02,1712305.5267543048,1686182400,0
2023-06-09,108.07793388674503,108.84971240240509,107.27721367674772,107.4991,1664311.6826094359,1686268800,0
2023-06-12,107.85602267002518,108.04896725440807,106.60188287153653,107.2386,1481668.9512917923,1686528000,0
2023-06-13,106.33174056074766,108.59883900311526,106.10985433021807,108.3866,1966471.731745437,1686614400,0
2023-06-14,108.69537746790616,110.58623519256308,108.59890513501549,108.9655,2798004.276582955,1686700800,0
2023-06-15,109.67814525502591,111.06943193749451,109.07493005003951,110.8262,1906513.6132069854,1686787200,0
2023-06-16,111.45858815282159,112.05207400105154,110.80672664738871,111.0305,5010547.444170746,1686873600,0
2023-06-20,111.18619132432194,111.26402554996024,109.97976082692817,110.1257,1838985.341296355,1687219200,0
2023-06-21,109.67809470163704,110.85533673649005,108.4911233937687,110.544,1635887.8998407875,1687305600,0
2023-06-22,110.9138037896228,111.41972640340003,109.24036745174429,109.8825,1212936.4912520193,1687392000,0
2023-06-23,110.20347218181819,110.20347218181819,106.57445345454546,107.022,2257311.580796472,1687478400,0
2023-06-26,107.3625608597285,107.95604669683257,106.30206977375566,107.5085,1274709.441579038,1687737600,0
2023-06-27,107.53769013282732,108.35494933586338,107.42093881810789,107.6739,957316.8428003445,1687824000,0
2023-06-28,107.61550095439112,107.61550095439112,105.43614355327155,106.0199,2031703.4726499459,1687910400,0
2023-06-29,105.24163760183066,107.09020108009152,104.9400298764302,106.2924,1687483.3007816176,1687996800,0
2023-06-30,106.64259966369752,107.23608552990366,105.63075490819851,107.0415,1622217.2335028937,1688083200,0
2023-07-03,107.04149900224719,108.25765855280899,106.51611807640451,108.2382,695324.0630387423,1688342400,0
2023-07-05,107.92690304000001,110.01869824,107.87825664,109.4544,1362485.1993158795,1688515200,0
2023-07-06,108.87063740217685,108.88036668165871,107.92689729243502,108.1604,1267616.9929105293,1688601600,0
2023-07-07,107.15823913083008,107.96576898808982,106.80798521683789,107.0123,1204611.8063063778,1688688000,0
2023-07-10,106.691268456621,107.0707103196347,105.3194401826484,106.5356,1014155.3621512434,1688947200,0
2023-07-11,106.70094569237709,107.97548055931439,106.3117747406405,107.849,787623.0192213187,1689033600,0
2023-07-12,108.40363017462991,110.09652477617232,108.36471305735306,109.756,1210161.5765880682,1689120000,0
2023-07-13,109.80463115577889,110.36892927796879,109.35708436921449,110.3592,933573.9023117239,1689206400,0
2023-07-14,110.06732701195219,110.33974680832226,109.38627752102701,109.8922,882902.0622027769,1689292800,0
2023-07-17,109.88247558286643,109.88247558286643,107.64474144225555,107.6642,854945.1721184944,1689552000,0
2023-07-18,107.459837297594,108.75383081145367,105.71829715488062,106.3507,917129.0174864857,1689638400,0
2023-07-19,106.71073247033442,108.26741711614528,106.71073247033442,108.2285,1043962.2465431934,1689724800,0
2023-07-20,108.67601352426412,110.19378058870328,107.58633460620526,110.0673,799442.8317947292,1689811200,0
2023-07-21,110.42725764419735,112.29527821403752,109.96025250173732,112.0034,1113032.711506972,1689897600,0
2023-07-24,112.09098551430309,112.34394668289713,111.20562142422398,111.8964,852889.7980632085,1690156800,0
2023-07-25,111.91589954954956,112.80126396396398,111.6240211711712,112.3148,789472.6607713319,1690243200,0
2023-07-26,112.37311685509621,113.54062975748683,111.91584096832656,112.7331,1039234.7677833752,1690329600,0
2023-07-27,112.73318000699668,113.5698981808641,110.89434588070667,111.2446,1401336.8379229193,1690416000,0
2023-07-28,112.28558698599983,112.70394590120632,109.97974831381528,110.4954,839527.9441497112,1690502400,0
2023-07-31,110.92345105861769,111.83800279965006,110.57319720034997,111.2056,1224962.9515060391,1690761600,0
2023-08-01,110.86514237737516,111.42944060097216,109.97977792311092,110.0868,1546054.8403623323,1690848000,0
2023-08-02,109.6878752851711,110.7580958174905,109.64895817490495,110.0284,947449.5857433171,1690934400,0
2023-08-03,109.45434097552064,109.88242906466934,106.47718290098648,106.5161,1157948.5918091256,1691020800,0
2023-08-04,106.63283500185392,107.26523776418243,104.23943377827216,104.9594,1245519.5437473918,1691107200,0
2023-08-07,105.63071253479309,106.08798834663203,104.84264145481536,104.8621,1231952.325959522,1691366400,0
2023-08-08,104.80374121128062,105.33885128987517,104.05458710124826,105.2221,1094634.5872207456,1691452800,0
2023-08-09,104.63837494229526,106.53558397193241,104.63837494229526,105.3778,971706.317649448,1691539200,0
2023-08-10,105.5334841442953,106.26318003355705,103.91842390939597,104.3757,951355.2292343908,1691625600,0
2023-08-11,104.66759232551674,105.16378559644083,104.22004545370285,104.9692,838294.3187144418,1691712000,0
2023-08-14,104.76483739440586,104.88158869908015,103.14004840435517,103.6557,973248.2246514182,1691971200,0
2023-08-15,102.88708137752658,102.96491557620462,101.52498290066097,101.5639,1074797.4723302275,1692057600,0
2023-08-16,101.85582432458233,102.55633242959426,101.7001558568019,101.9142,1120124.0847693454,1692144000,0
2023-08-17,102.0406585542628,103.03304482166698,101.85580228876596,102.0212,896675.0440104606,1692230400,0
2023-08-18,102.19628995169997,103.06219530258547,101.83630682829812,102.7314,682887.5689419204,1692316800,0
2023-08-21,102.41034664122138,102.60493213740457,101.22337511450382,101.9628,1356010.6234822897,1692576000,0
2023-08-22,102.02117797465944,102.53682955130037,101.58336059826617,102.1282,716805.7206530615,1692662400,0
2023-08-23,102.75089542129763,102.75089542129763,101.64175783224091,102.4201,1202555.9436087252,1692748800,0
2023-08-24,102.00174180947822,103.83084591670655,101.47636084250837,101.6223,979928.9132404994,1692835200,0
2023-08-25,102.11851711780403,102.81902523827678,101.56394818909645,102.0796,990412.5016163856,1692921600,0
2023-08-28,102.15738782509288,102.9551883776317,101.875238849195,102.1282,771074.9234785299,1693180800,0
2023-08-29,102.37146350233046,102.9260323504233,101.81689465423761,102.2839,602305.7392219107,1693267200,0
2023-08-30,102.23519526446438,102.57571980141303,101.35956074088219,101.9044,720300.516955107,1693353600,0
2023-08-31,102.49796822402786,102.56607318630296,100.55211215902496,100.5813,823596.3742763316,1693440000,0
2023-09-01,101.19425854374633,101.31100992366412,98.567352495596,99.4138,1141194.2205206924,1693526400,0
2023-09-05,99.25811861042183,99.38459925558313,97.36090893300246,98.0225,1425490.8311867174,1693872000,0
2023-09-06,98.07113648528099,98.53814189711566,97.6819653087521,98.1587,1237090.5890155432,1693958400,0
2023-09-07,98.8202265238235,99.89044656100187,98.71320452010566,99.4429,1007577.8461810747,1694044800,0
2023-09-08,99.53054587960257,100.00728065458797,99.25812600818234,99.8808,1113031.8739938005,1694131200,0
2023-09-11,99.66670199961172,100.66881741409435,99.66670199961172,100.231,1812776.2269158245,1694390400,0
2023-09-12,100.26015329099306,101.3887489030023,99.84179457274827,101.1066,1254564.5091418365,1694476800,0
2023-09-13,101.27206138613863,103.2957513437058,100.78559745403113,103.179,1749975.5764254353,1694563200,0
2023-09-14,103.75300723252765,104.24920034663671,103.34437760914372,103.8503,1766112.779645316,1694649600,0
2023-09-15,104.38284058812512,105.38416192170818,104.3043055815696,104.8246,3121767.104286589,1694736000,0
2023-09-18,104.82462867289719,105.38419074766354,104.19634844859813,105.0406,1480511.3451370234,1694995200,0
2023-09-19,105.04064673810868,105.65911035909006,104.39273246850914,104.432,1230329.4392523363,1695081600,0
2023-09-20,104.74613376452943,105.88489210723658,104.03931824146981,104.7265,821747.6569922608,1695168000,0
2023-09-21,104.56942592138749,105.38422711848429,103.73499096050523,104.1473,1591238.45745401,1695254400,0
2023-09-22,103.72517150927409,104.579240212786,103.42084817813766,104.2651,2019276.6611263019,1695340800,0
2023-09-25,103.4796781279576,103.95088812227901,102.85139813552905,103.7251,1086496.4796370405,1695600000,0
2023-09-26,103.3716989036805,103.39133265465935,100.21066499608456,100.2892,1709301.5000618212,1695686400,0
2023-09-27,99.96527737219016,100.30886813208673,98.15897166301968,98.6989,1185814.7760512023,1695772800,0
2023-09-28,99.2486696745412,99.29775408090845,96.77481559363277,96.8239,1772049.5456183855,1695859200,0
2023-09-29,97.86449214343273,98.48295568090249,96.59811442385174,97.462,1292060.0028729145,1695945600,0
2023-10-02,96.86316826892869,97.18712535344015,92.38667037386115,93.7414,2390168.4421184235,1696204800,0
2023-10-03,92.80874110517668,96.03849314913722,92.13137669474116,95.5771,2281988.802757146,1696291200,0
2023-10-04,96.10723334363094,96.24466963237566,93.83953457934301,95.3317,1471139.8412070698,1696377600,0
2023-10-05,95.5476831210191,95.79310509554139,91.42459394904458,92.475,3565797.2424979727,1696464000,0
2023-10-06,90.98281454392604,93.69227255149222,88.489327826818,93.4174,2581370.879514951,1696550400,0
2023-10-09,93.42720368568175,94.83101687545295,93.28976742934051,94.8212,1079671.4342362257,1696809600,0
2023-10-10,94.9488199671323,95.86178938989319,94.44815931594084,95.5771,885923.4272644806,1696896000,0
2023-10-11,95.92068063164348,96.29372186222403,94.47760008176613,96.0483,1521869.309503656,1696982400,0
2023-10-12,95.6360634659446,96.04837250572798,93.5647013851281,94.2617,1807091.109114306,1697068800,0
2023-10-13,95.1451964442628,96.0778,94.84087317870645,96.0778,1264149.1582863056,1697155200,0
2023-10-16,96.52941428281187,96.90245585127997,95.52809217797643,96.6374,1593377.388050589,1697414400,0
2023-10-17,95.92071599512838,97.36379707703239,95.92071599512838,96.7257,956515.9001175489,1697500800,0
2023-10-18,96.36247216558542,96.94166795386674,95.15499620018535,95.3317,1411650.4583470137,1697587200,0
2023-10-19,94.97831688029771,96.13670875542694,94.57582478809181,94.9685,1165848.9920342006,1697673600,0
2023-10-20,95.0666206311433,96.26427942058976,94.8801,94.8801,1454434.280739586,1697760000,0
2023-10-23,93.59413654266959,95.57714635823694,92.86768740231321,94.2126,1772457.187255208,1698019200,0
2023-10-24,95.20408476970317,96.22504010235414,95.02738096212896,95.9109,1026191.8092729815,1698105600,0
2023-10-25,95.57712109454769,96.45082320808659,95.39060041862366,96.1465,1677417.2538781962,1698192000,0
2023-10-26,96.51954936451449,98.07061616675142,96.19559237417387,96.549,1298885.3846233517,1698278400,0
2023-10-27,96.15635569084719,97.03005815705295,94.9881467753586,95.1354,1250600.7963386918,1698364800,0
2023-10-30,95.20413115979649,96.28398828782058,93.73159871249092,94.5464,1329342.5238824536,1698624000,0
2023-10-31,95.08631029259182,95.31209855779207,93.77084822577298,94.6151,1906002.509113239,1698710400,0
2023-11-01,92.47503136321292,96.28398169961702,90.88469642894111,94.8409,3535032.7021358926,1698796800,0
2023-11-02,94.68381611172958,98.11972442060521,94.68381611172958,97.0006,1880841.8092259222,1698883200,0
2023-11-03,98.58110511080055,99.7002293871032,98.07062737073268,98.3455,1760946.5201763173,1698969600,0
2023-11-06,98.31599741562785,98.53196865308604,96.8631,96.8631,1556707.2910117477,1699228800,0
2023-11-07,96.93185444027199,97.04965697757028,96.34284175378058,96.7257,1400852.679277586,1699315200,0
2023-11-08,96.3035574386036,97.15762568500101,95.52802420336918,96.7355,2318965.7364669642,1699401600,0
2023-11-09,96.90245454822335,98.11974807106598,96.5686805177665,96.6963,2094351.07651482,1699488000,0
2023-11-10,97.31474535862839,97.31474535862839,96.25452216698793,96.765,1339529.2719475017,1699574400,0
2023-11-13,96.74530186360845,96.88273811181651,95.6458118779439,95.8716,1629744.7210644234,1699833600,0
2023-11-14,97.58955132186732,99.98486874692874,97.49138257493858,99.8867,1418068.421521584,1699920000,0
2023-11-15,99.58243652395416,101.15313741549919,99.40573267365535,100.2009,1261296.7947393684,1700006400,0
2023-11-16,100.95677297977355,101.90901014226266,100.07325396303106,101.4378,1847532.3893065504,1700092800,0
2023-11-17,102.10539217181469,102.10539217181469,100.78011306949807,101.7029,1530526.6614816294,1700179200,0
2023-11-20,101.15308688636142,101.56539566443082,99.58238677943034,100.9862,1418679.4730369102,1700438400,0
2023-11-21,101.14331176641487,101.59488823358511,100.21070819291108,101.3691,1082217.5988540887,1700524800,0
2023-11-22,101.46730517867381,103.16562597936175,101.02554543283011,102.7435,1719079.2215565948,1700611200,0
2023-11-24,102.84157069374585,103.99014493688905,102.73358508114264,103.4404,1243063.74491978,1700784000,0
2023-11-27,103.56808029753958,103.66624909403014,102.56675857333587,102.9398,1408492.361555006,1701043200,0
2023-11-28,103.0674493525043,104.14730642734719,102.71404158255571,103.0969,1208734.0356499564,1701129600,0
2023-11-29,103.15578682542731,103.90186979066641,101.76178970616478,102.233,1215966.6448211437,1701216000,0
2023-11-30,102.38020377485354,102.39002065123428,101.47705114782443,102.2035,1598166.1978307983,1701302400,0
2023-12-01,102.22318014236848,106.26773504668576,101.84032178977534,106.1892,2854980.1580575053,1701388800,0
2023-12-04,105.78670277649665,107.25923483073518,105.34494316022509,106.4248,1391378.8797347986,1701648000,0
2023-12-05,106.50328831801988,106.50328831801988,104.48101185074069,104.7068,1429375.2841267232,1701734400,0
2023-12-06,104.97192469952483,105.74745841796329,104.68723510668032,105.3646,1174201.6863348791,1701820800,0
2023-12-07,105.6296414847976,105.99286608841633,104.65777024808804,105.2566,1427948.4231867646,1701907200,0
2023-12-08,105.51179291041342,106.69963501519197,104.94241405027162,106.6211,2178493.2438326,1701993600,0
2023-12-11,106.59165155781632,108.16235189390498,105.86520265237532,108.074,1445571.728630383,1702252800,0
2023-12-12,108.40776067139738,108.40776067139738,106.59163862809315,107.9071,1234506.7933435335,1702339200,0
2023-12-13,107.98569537592658,111.39215322096717,107.10217605012355,111.2449,1249887.7701359792,1702425600,0
2023-12-14,112.19713998043227,112.52109707373477,110.10614419638885,110.3712,1742202.9388101245,1702512000,0
2023-12-15,109.34081732484077,110.31167898089171,107.9637788535032,108.8752,2715319.925933546,1702598400,0
2023-12-18,109.20217701693682,110.02443780732108,108.39972973957386,108.796,1036363.4140961064,1702857600,0
2023-12-19,109.01389363660981,109.86587426663056,108.60771682462315,109.7569,895046.1702180001,1702944000,0
2023-12-20,109.58856511798061,110.21269091823667,108.30068648253153,108.3205,1176065.7862546796,1703030400,0
2023-12-21,108.60772572443959,109.83616301257518,107.96378682340078,108.7167,906149.6347847203,1703116800,0
2023-12-22,109.43997457580733,110.35139646962233,108.52855268199232,108.5979,958941.1949954834,1703203200,0
2023-12-26,108.38978675683035,109.65785116637923,108.38978675683035,109.1427,527115.1804014377,1703548800,0
2023-12-27,108.97430941744916,109.05356346066186,108.28083653933813,108.6672,699623.6122767496,1703635200,0
2023-12-28,108.41954460646681,109.489474322978,108.41954460646681,109.3805,523077.34925329464,1703721600,0
2023-12-29,108.93469729729728,109.51919594594594,108.66721486486486,109.2319,698109.3984449598,1703808000,0
2024-01-02,108.81580293486041,111.01510266642806,108.7464556460272,110.7179,963181.1296998949,1704153600,0
2024-01-03,111.00522310326184,111.00522310326184,109.47958237520274,109.9452,1320310.8457668002,1704240000,0
2024-01-04,110.25231363430743,110.5990501764227,109.2616377996924,109.4994,1025865.3380749119,1704326400,0
2024-01-05,109.1427755173972,110.0938244826028,108.84557271577044,109.6183,994876.2204850833,1704412800,0
2024-01-08,108.93464666427545,110.59898102582495,108.67707110832137,110.4801,794912.386936652,1704672000,0
2024-01-09,110.07400815682739,110.51981234790446,109.56876340694005,109.9155,659044.9481647266,1704758400,0
2024-01-10,109.72725269331409,110.2820311468014,109.42014319227646,109.7966,682463.418721527,1704844800,0
2024-01-11,109.43004895389743,109.43004895389743,106.60662292168118,107.0128,524490.4534784623,1704931200,0
2024-01-12,107.80527974276526,107.9935080385852,106.97311254019293,107.835,835086.9847452126,1705017600,0
2024-01-16,106.54716621747212,107.08213106877324,105.83387974907063,106.5967,1344940.6970384635,1705363200,0
2024-01-17,105.94283078232901,107.28024261659257,104.38747035285215,104.7243,768061.8442901982,1705449600,0
2024-01-18,104.04071479256079,104.3379173676681,103.030226037196,103.8723,793398.2399542516,1705536000,0
2024-01-19,104.29831335629545,104.5757024875622,102.99062173746651,103.5454,1026471.3642518161,1705622400,0
2024-01-22,103.25812296438883,104.4469337439846,102.30707434071222,102.9312,856990.8832307406,1705881600,0
2024-01-23,102.92130804058583,103.51571351584187,102.26746201780416,103.4959,772805.8019689668,1705968000,0
2024-01-24,104.32809433372411,104.32809433372411,101.21737155138726,101.4056,1505941.3286840173,1706054400,0
2024-01-25,102.61415142581889,103.07976883429673,101.54422206165704,102.8321,1471925.20623424,1706140800,0
2024-01-26,103.32747977604015,103.36710680567622,102.26745673327541,102.6241,1176267.8259784982,1706227200,0
2024-01-29,102.61422422958397,103.25816365562403,101.97028480354392,102.8718,1581142.5094146307,1706486400,0
2024-01-30,102.51507077276204,104.71436973986228,102.10889393649578,103.585,1629999.40145774,1706572800,0
2024-01-31,104.80354989565548,105.47720916334661,103.5751124075128,104.437,1548135.7564847707,1706659200,0
2024-02-01,103.84260982599795,106.50752702149438,103.25811125895599,106.4679,1329093.0787589499,1706745600,0
2024-02-02,105.44751891891892,105.5465864864865,103.29775270270271,104.1002,1450928.9319328878,1706832000,0
2024-02-05,103.08969457274827,104.1596241339492,102.29715415704388,102.951,1408836.669872075,1707091200,0
2024-02-06,102.66370817579886,103.44634186738317,102.15846364072546,103.2383,1078052.2344904942,1707177600,0
2024-02-07,103.52561347652538,104.82339867895837,103.01046209846037,104.2389,1708833.631206776,1707264000,0
2024-02-08,104.020920080591,105.48711971601267,101.8216206274585,103.2581,1865192.1156790606,1707350400,0
2024-02-09,103.22835820323725,103.69397555789676,102.17824246719664,103.4364,1129128.875328221,1707436800,0
2024-02-12,103.53553610641097,105.72492979883437,103.19870630757661,105.3881,1473539.4603375525,1707696000,0
2024-02-13,104.684671287603,105.08094145430158,102.15844897489941,103.4067,1713578.4044940996,1707782400,0
2024-02-14,103.47610514573246,104.96211910187031,103.25815643216558,104.3479,1285586.8493759818,1707868800,0
2024-02-15,104.90263003618819,106.80472702050663,104.90263003618819,106.7651,1243494.952938741,1707955200,0
2024-02-16,106.18058129870131,107.57743350649352,105.95272597402598,106.7948,1285284.8640570515,1708041600,0
2024-02-20,106.78490130992198,108.37988870308436,106.33909738015609,106.6363,1032729.7927628771,1708387200,0
2024-02-21,107.3198396207402,108.4591160498351,106.73534127885672,108.1421,1146288.9660918366,1708473600,0
2024-02-22,107.21091068959073,107.21091068959073,105.79424461782845,106.0221,1500794.0419969044,1708560000,0
2024-02-23,106.29952272936836,107.82516359612724,106.21036189949284,107.4388,1137607.1772953533,1708646400,0
2024-02-26,106.8146005838591,106.8146005838591,104.97194470289104,105.1998,905745.8949541729,1708905600,0
2024-02-27,105.88339603093263,106.46789456815429,105.2691772291065,106.3292,787947.2242808185,1708992000,0
2024-02-28,106.1607652173913,107.25050804810361,105.86356262719704,107.092,915234.2845403951,1709078400,0
2024-02-29,107.60718240886018,108.24121478541764,106.66604059990772,107.3397,1400862.2159368808,1709164800,0
2024-03-01,107.02264598094534,107.30003504763667,105.13045627601518,107.1019,1334443.36655092,1709251200,0
2024-03-04,106.53727275045539,108.80592027322405,106.53727275045539,108.7762,767859.6972499499,1709510400,0
2024-03-05,108.97430675515956,111.06463209382672,108.716731121011,108.9644,1281246.966899281,1709596800,0
2024-03-06,109.96498657838225,111.11417022190408,109.84610551181102,110.7179,1111463.783182304,1709683200,0
2024-03-07,111.14388252263447,111.80763509675128,110.9160271613705,111.6095,935826.1259122207,1709769600,0
2024-03-08,111.9661350824322,112.03548236128347,110.69807055486616,111.768,1138718.07673037,1709856000,0
2024-03-11,111.95624053120851,112.98654307215583,111.23304740150509,111.8968,1181416.0905405695,1710115200,0
2024-03-12,111.3915537878788,111.75810372474749,109.66777840909093,109.8461,870214.3089285827,1710201600,0
2024-03-13,110.41076337115074,111.14386310102647,109.7866379254457,110.0244,1148610.4355033974,1710288000,0
2024-03-14,109.63806472255234,109.85601334674102,107.21090958954201,108.37,1557724.905416628,1710374400,0
2024-03-15,108.16,110.03,108.01,108.48,2305400.0,1710460800,0
2024-03-18,108.49,109.8,108.19,109.48,1113900.0,1710720000,0
2024-03-19,109.86,111.1,109.52,110.45,1378000.0,1710806400,0
2024-03-20,110.16,111.21,109.61,110.04,1770100.0,1710892800,0
2024-03-21,110.08,110.72,109.1,109.15,1200300.0,1710979200,0
2024-03-22,109.99,109.99,108.78,108.88,1076500.0,1711065600,0
2024-03-25,109.3,109.3,107.89,108.42,1045100.0,1711324800,0
2024-03-26,108.47,108.98,107.07,107.13,1110800.0,1711411200,0
2024-03-27,107.95,111.41,107.95,111.3,1668700.0,1711497600,0
2024-03-28,111.32,112.31,110.97,112.14,990500.0,1711584000,0
2024-04-01,112.14,112.14,110.28,110.73,847500.0,1711929600,0
2024-04-02,110.95,112.5,110.53,111.09,1268900.0,1712016000,0
2024-04-03,111.3,111.41,110.03,110.26,1256900.0,1712102400,0
2024-04-04,111.0,111.22,108.82,109.56,1210600.0,1712188800,0
2024-04-05,108.77,109.74,108.35,109.1,1106100.0,1712275200,0
2024-04-08,109.38,110.26,108.85,109.5,1163600.0,1712534400,0
2024-04-09,110.5,110.62,109.26,109.87,1068900.0,1712620800,0
2024-04-10,108.25,108.25,105.79,106.64,1444200.0,1712707200,0
2024-04-11,107.28,107.33,105.42,106.13,1014900.0,1712793600,0
2024-04-12,106.63,107.16,105.4,106.25,1506300.0,1712880000,0
2024-04-15,106.61,107.06,104.7,105.52,1331800.0,1713139200,0
2024-04-16,105.27,105.27,103.06,103.2,1299000.0,1713225600,0
2024-04-17,104.04,105.66,103.33,105.27,1529200.0,1713312000,0
2024-04-18,105.67,107.01,105.04,106.48,1168800.0,1713398400,0
2024-04-19,107.09,108.75,106.8,108.57,999400.0,1713484800,0
2024-04-22,108.29,110.6,107.88,110.12,1128800.0,1713744000,0
2024-04-23,109.74,111.15,109.53,110.12,950400.0,1713830400,0
2024-04-24,109.09,111.8,108.62,111.55,1473800.0,1713916800,0
2024-04-25,110.8,111.87,109.89,111.14,1408500.0,1714003200,0
2024-04-26,111.34,111.7,109.43,109.52,1247700.0,1714089600,0
2024-04-29,109.88,110.91,109.88,110.83,797934.0,1714348800,0
2024-04-30,110.22,110.94,109.47,110.32,1360042.0,1714435200,0
2024-05-01,110.31,112.0,109.92,111.33,1112873.0,1714521600,0
2024-05-02,111.96,111.99,110.84,111.91,738028.0,1714608000,0
2024-05-03,112.55,112.85,111.445,112.75,1021105.0,1714694400,0
2024-05-06,112.95,112.95,111.67,112.49,981513.0,1714953600,0
2024-05-07,113.3,113.848,112.47,113.34,843840.0,1715040000,0
2024-05-08,113.18,114.76,112.35,114.73,963801.0,1715126400,0
2024-05-09,114.61,116.5,114.15,116.33,1461280.0,1715212800,0
2024-05-10,116.86,116.86,115.45,115.49,1025170.0,1715299200,0
2024-05-13,115.57,116.41,115.09,115.31,796186.0,1715558400,0
2024-05-14,115.89,115.93,114.17,114.78,723586.0,1715644800,0
2024-05-15,116.0,116.63,115.685,116.09,599125.0,1715731200,0
2024-05-16,116.01,117.17,115.86,116.78,757813.0,1715817600,0
2024-05-17,116.94,116.94,116.16,116.6,791493.0,1715904000,0
2024-05-20,117.0,117.3,115.88,116.35,734936.0,1716163200,0
2024-05-21,116.67,117.445,116.21,117.18,596884.0,1716249600,0
2024-05-22,116.41,117.0,114.81,115.06,901100.0,1716336000,0
2024-05-23,114.21,114.48,112.02,112.06,733842.0,1716422400,0
2024-05-24,112.4,113.0,111.78,112.96,661319.0,1716508800,0
2024-05-28,112.85,114.05,112.842,113.0,879108.0,1716854400,0
2024-05-29,112.29,112.36,110.92,110.97,788790.0,1716940800,0
2024-05-30,111.52,112.81,111.48,112.75,760390.0,1717027200,0
2024-05-31,113.17,116.61,112.63,116.53,1519679.0,1717113600,0
2024-06-03,116.49,117.03,115.69,116.24,1034988.0,1717372800,0
2024-06-04,115.92,116.86,115.14,116.53,753733.0,1717459200,0
2024-06-05,115.95,116.28,114.39,114.54,822482.0,1717545600,0
2024-06-06,114.06,114.89,113.43,113.54,746041.0,1717632000,0
2024-06-07,112.15,113.15,112.075,112.33,747980.0,1717718400,0
2024-06-10,112.2,113.4,111.84,112.64,1093642.0,1717977600,0
2024-06-11,111.69,113.8599,111.365,113.74,1390330.0,1718064000,0
2024-06-12,115.2,115.3,112.32,112.63,999361.0,1718150400,0
